Cell Line,Depmap Id,Chr,Start Position,End Position,Variant Classification,Variant Annotation,Variant Type,Reference Allele,Tumor Seq Allele,dbSNP ID,Annotation Transcript,Protein Change,CGA WES alt:ref,CCLE WGS alt:ref,CCLE RNAseq alt:ref,Sanger WES alt:ref,CCLE HC1650 alt:ref,CCLE Raindance alt:ref,ExAC Allelic Fraction,TCGA Hotspot count,Cosmic Hs Cnt
GOS3,ACH-000027,10,89692887,89692887,Missense_Mutation,other non-conserving,SNP,G,C,,ENST00000371953.3,p.C124S,80:7,NA,118:1,NA,138:0,NA,,0,57
U343,ACH-000036,10,89692887,89692887,Missense_Mutation,other non-conserving,SNP,G,C,,ENST00000371953.3,p.C124S,199:0,NA,474:1,NA,NA,NA,,0,57
U118MG,ACH-000040,10,89720876,89720876,Splice_Site,damaging,SNP,G,T,NA,ENST00000371953.3,NA,NA,NA,693:0,100:2,150:1,NA,,7,36
U87MG,ACH-000075,10,89685315,89685315,Splice_Site,damaging,SNP,G,T,rs398123318,ENST00000371953.3,NA,NA,33:0,NA,61:0,428:1,NA,,3,42
OV56,ACH-000091,10,89692904,89692904,Missense_Mutation,other non-conserving,SNP,C,G,rs121913292|rs121909224,ENST00000371953.3,p.R130G,NA,29:0,621:4,174:0,118:2,NA,,73,224
ZR751,ACH-000097,10,89692839,89692839,Missense_Mutation,other non-conserving,SNP,T,G,,ENST00000371953.3,p.L108R,177:1,37:0,373:2,NA,185:0,NA,,3,55
GMS10,ACH-000102,10,89692818,89692818,Missense_Mutation,other non-conserving,SNP,T,C,NA,ENST00000371953.3,p.I101T,NA,NA,155:0,67:0,43:0,NA,,3,42
LN319,ACH-000128,10,89624270,89624270,Missense_Mutation,other non-conserving,SNP,G,T,rs398123324,ENST00000371953.3,p.R15I,NA,NA,259:2,NA,NA,NA,,6,38
8MGBA,ACH-000137,10,89692818,89692818,Missense_Mutation,other non-conserving,SNP,T,C,NA,ENST00000371953.3,p.I101T,NA,NA,379:1,113:1,314:2,NA,,3,42
HCC2935,ACH-000150,10,89692839,89692839,Missense_Mutation,other non-conserving,SNP,T,G,,ENST00000371953.3,p.L108R,NA,NA,277:0,NA,311:0,NA,,3,55
M059K,ACH-000152,10,89711992,89711992,Frame_Shift_Del,damaging,DEL,C,-,,ENST00000371953.3,p.P204fs,122:0,NA,58:2,NA,124:0,NA,,0,55
OSRC2,ACH-000159,10,89624275,89624275,Nonsense_Mutation,damaging,SNP,C,T,rs587781912,ENST00000371953.3,p.Q17*,NA,5:51,32:76,NA,5:64,NA,,6,44
OSRC2,ACH-000159,10,89712013,89712028,Splice_Site,damaging,DEL,TGCAGTAAGTGCTTGA,-,rs138336847|rs121909232,ENST00000371953.3,p.CS211fs,NA,31:8,NA,48:5,21:8,NA,,0,49
NCIH2444,ACH-000186,10,89692802,89692802,Missense_Mutation,other non-conserving,SNP,C,T,rs398123320,ENST00000371953.3,p.P96S,NA,NA,267:2,76:1,69:0,NA,,0,36
U178,ACH-000208,10,89717715,89717716,Frame_Shift_Ins,damaging,INS,-,A,rs587782341,ENST00000371953.3,p.P248fs,127:0,NA,55:0,NA,NA,NA,,8,67
LN382,ACH-000215,10,89711910,89711910,Nonsense_Mutation,damaging,SNP,T,G,rs587780711,ENST00000371953.3,p.Y176*,NA,NA,158:0,NA,NA,NA,,0,42
KALS1,ACH-000231,10,89692904,89692904,Nonsense_Mutation,damaging,SNP,C,T,rs121913292|rs121909224,ENST00000371953.3,p.R130*,NA,23:0,86:0,144:1,173:1,NA,8.236e-06,73,224
U251MG,ACH-000232,10,89717695,89717696,Frame_Shift_Ins,damaging,INS,-,TT,rs190070312,ENST00000371953.3,p.F241fs,305:0,28:5,159:0,83:18,432:26,NA,,6,53
JHOM1,ACH-000237,10,89720801,89720802,Frame_Shift_Ins,damaging,INS,-,T,rs146650273,ENST00000371953.3,p.L318fs,NA,NA,95:1,NA,171:7,NA,,0,82
DKMG,ACH-000244,10,89711881,89711881,Missense_Mutation,other non-conserving,SNP,A,G,NA,ENST00000371953.3,p.T167A,NA,NA,119:3,76:4,42:0,NA,,0,44
UOK101,ACH-000262,10,89720809,89720809,Frame_Shift_Del,damaging,DEL,A,-,,ENST00000371953.3,p.L320fs,115:0,NA,175:1,NA,NA,NA,,0,54
SUDHL10,ACH-000271,10,89685307,89685307,Missense_Mutation,other non-conserving,SNP,T,C,rs398123317,ENST00000371953.3,p.Y68H,22:1,NA,455:6,23:0,35:0,NA,,3,66
SUDHL10,ACH-000271,10,89693000,89693000,Missense_Mutation,other non-conserving,SNP,G,C,,ENST00000371953.3,p.D162H,54:3,NA,635:3,41:0,57:1,NA,,0,51
BT549,ACH-000288,10,89720670,89720670,Frame_Shift_Del,damaging,DEL,G,-,NA,ENST00000371953.3,p.W274fs,NA,NA,NA,48:17,NA,NA,,0,38
SNU466,ACH-000289,10,89692993,89692993,Missense_Mutation,other non-conserving,SNP,G,T,,ENST00000371953.3,p.R159S,32:2,NA,217:1,NA,97:0,NA,,4,57
KARPAS422,ACH-000315,10,89685268,89685268,Splice_Site,damaging,SNP,A,C,NA,ENST00000371953.3,NA,NA,NA,NA,25:0,65:0,NA,,0,33
42MGBA,ACH-000323,10,89653865,89653866,Splice_Site,damaging,INS,-,G,NA,ENST00000371953.3,p.R55fs,NA,NA,NA,50:8,78:9,NA,,0,31
LN215,ACH-000328,10,89692830,89692830,Missense_Mutation,other non-conserving,SNP,G,T,rs587782343,ENST00000371953.3,p.C105F,NA,NA,174:2,NA,NA,NA,,3,44
CCFSTTG1,ACH-000329,10,89692851,89692851,Missense_Mutation,other non-conserving,SNP,T,G,rs121909230,ENST00000371953.3,p.L112R,NA,NA,507:2,89:0,170:2,NA,,0,36
HCC461,ACH-000339,10,89685289,89685289,Frame_Shift_Del,damaging,DEL,A,-,,ENST00000371953.3,p.K62fs,64:3,NA,124:0,NA,NA,NA,,3,54
SNU626,ACH-000370,10,89692901,89692901,Missense_Mutation,other non-conserving,SNP,G,A,NA,ENST00000371953.3,p.G129R,NA,NA,135:1,NA,100:1,NA,,4,50
RL,ACH-000371,10,89720676,89720676,Missense_Mutation,other non-conserving,SNP,A,G,NA,ENST00000371953.3,p.N276S,NA,NA,866:2,53:0,93:0,NA,,0,32
RL,ACH-000371,10,89720678,89720678,Missense_Mutation,other non-conserving,SNP,A,G,NA,ENST00000371953.3,p.T277A,NA,NA,868:2,54:0,95:0,NA,,0,32
P12ICHIKAWA,ACH-000372,10,89720670,89720670,Nonsense_Mutation,damaging,SNP,G,A,,ENST00000371953.3,p.W274*,NA,NA,NA,63:0,23:0,NA,,0,54
SF295,ACH-000376,10,89717672,89717672,Nonsense_Mutation,damaging,SNP,C,T,rs121909219,ENST00000371953.3,p.R233*,54:0,22:0,91:2,56:1,100:1,NA,,51,133
NCIH1781,ACH-000379,10,89717710,89717714,Frame_Shift_Del,damaging,DEL,GCCGT,-,rs587782350,ENST00000371953.3,p.QPL245fs,NA,NA,225:0,64:7,135:0,NA,,0,62
H4,ACH-000389,10,89720870,89720870,Missense_Mutation,other non-conserving,SNP,T,G,NA,ENST00000371953.3,p.F341V,NA,NA,4:4,NA,NA,NA,,5,35
NCIH2081,ACH-000394,10,89692887,89692887,Missense_Mutation,other non-conserving,SNP,G,T,NA,ENST00000371953.3,p.C124F,NA,8:0,194:3,102:0,270:0,NA,,0,39
U937,ACH-000406,10,89692903,89692904,Frame_Shift_Ins,damaging,INS,-,CGCC,rs121913292|rs121909224,ENST00000371953.3,p.-130fs,34:5,NA,41:0,NA,26:7,NA,,0,225
SNU449,ACH-000420,10,89717696,89717696,Missense_Mutation,other non-conserving,SNP,T,C,NA,ENST00000371953.3,p.F241L,NA,5:14,133:291,47:72,91:175,NA,,0,34
UACC62,ACH-000425,10,89717715,89717716,Frame_Shift_Ins,damaging,INS,-,A,rs587782341,ENST00000371953.3,p.P248fs,NA,NA,54:6,68:14,182:20,NA,,8,67
MESSA,ACH-000449,10,89720660,89720660,Frame_Shift_Del,damaging,DEL,T,-,NA,ENST00000371953.3,p.F271fs,NA,NA,NA,34:37,66:85,NA,,0,32
MELHO,ACH-000450,10,89692967,89692967,Missense_Mutation,other non-conserving,SNP,G,C,NA,ENST00000371953.3,p.A151P,NA,NA,87:0,53:0,95:0,NA,,0,37
CAS1,ACH-000464,10,89720706,89720706,Frame_Shift_Del,damaging,DEL,C,-,NA,ENST00000371953.3,p.T286fs,NA,25:3,89:1,57:9,419:6,NA,,0,31
HCC33,ACH-000515,10,89692792,89692792,Missense_Mutation,other non-conserving,SNP,C,A,NA,ENST00000371953.3,p.D92E,NA,NA,NA,NA,5:57,NA,8.236e-06,8,36
SNU489,ACH-000543,10,89653840,89653840,Nonsense_Mutation,damaging,SNP,C,A,,ENST00000371953.3,p.Y46*,23:0,NA,49:3,NA,NA,NA,,0,49
SNU489,ACH-000543,10,89653840,89653841,Nonsense_Mutation,damaging,DNP,CA,AT,NA,ENST00000371953.3,p.46_47YR>*W,NA,NA,NA,NA,53:1,NA,,0,32
SNU489,ACH-000543,10,89653841,89653841,Missense_Mutation,other non-conserving,SNP,A,T,,ENST00000371953.3,p.R47W,24:0,NA,50:2,NA,NA,NA,,0,50
HSC4,ACH-000546,10,89692924,89692924,Missense_Mutation,other non-conserving,SNP,T,G,,ENST00000371953.3,p.C136W,40:154,NA,125:640,36:108,78:204,NA,,3,56
HSC4,ACH-000546,10,89725042,89725042,Splice_Site,damaging,SNP,A,T,NA,ENST00000371953.3,NA,NA,NA,8:1,25:12,45:9,NA,,7,36
YKG1,ACH-000570,10,89685315,89685315,Splice_Site,damaging,SNP,G,C,rs398123318,ENST00000371953.3,NA,NA,NA,2:0,83:1,76:0,NA,,3,42
T98G,ACH-000571,10,89653827,89653827,Missense_Mutation,other non-conserving,SNP,T,G,NA,ENST00000371953.3,p.L42R,NA,NA,230:2,82:0,99:0,NA,,0,36
MC116,ACH-000583,10,89692847,89692847,Missense_Mutation,other non-conserving,SNP,T,C,rs398123321,ENST00000371953.3,p.W111R,NA,NA,416:2,184:1,261:0,NA,,0,36
SF126,ACH-000609,10,89692901,89692901,Missense_Mutation,other non-conserving,SNP,G,A,NA,ENST00000371953.3,p.G129R,NA,NA,342:0,173:3,233:1,NA,,4,50
SKMEL28,ACH-000615,10,89711881,89711881,Missense_Mutation,other non-conserving,SNP,A,G,NA,ENST00000371953.3,p.T167A,NA,NA,123:2,102:0,51:1,NA,,0,44
SNU201,ACH-000623,10,89692980,89692980,Missense_Mutation,other non-conserving,SNP,A,G,,ENST00000371953.3,p.Y155C,77:1,NA,115:1,NA,90:1,NA,,0,57
SNU201,ACH-000623,10,89717608,89717608,Splice_Site,damaging,SNP,A,C,,ENST00000371953.3,,6:50,NA,NA,NA,NA,NA,,0,48
HS944T,ACH-000632,10,89693002,89693003,Frame_Shift_Ins,damaging,INS,-,A,NA,ENST00000371953.3,p.K163fs,NA,30:6,NA,NA,381:81,NA,,6,33
LN340,ACH-000634,10,89624271,89624271,Missense_Mutation,other non-conserving,SNP,A,T,NA,ENST00000371953.3,p.R15S,NA,NA,286:5,NA,NA,NA,,0,38
RPMI8402,ACH-000636,10,89692993,89692993,Missense_Mutation,other non-conserving,SNP,G,T,,ENST00000371953.3,p.R159S,NA,NA,107:59,30:43,23:34,NA,,4,57
RPMI8402,ACH-000636,10,89717680,89717681,Frame_Shift_Ins,damaging,INS,-,CCCCCGGCCC,,ENST00000371953.3,p.D236fs,11:37,NA,NA,13:51,NA,NA,,0,52
786O,ACH-000649,10,89692961,89692961,Nonsense_Mutation,damaging,SNP,C,T,NA,ENST00000371953.3,p.Q149*,NA,29:0,83:0,117:3,625:0,NA,,3,32
SF268,ACH-000655,10,89624266,89624266,Silent,silent,SNP,A,C,,ENST00000371953.3,p.R14R,59:332,NA,NA,NA,NA,NA,,0,57
A2780,ACH-000657,10,89692896,89692904,In_Frame_Del,other non-conserving,DEL,GAAAGGGAC,-,rs121913292|rs121909218|rs121909224|rs398123322,ENST00000371953.3,p.KGR128del,NA,19:2,92:0,37:37,104:40,NA,,4,262
SUDHL5,ACH-000660,10,89624299,89624299,Missense_Mutation,other non-conserving,SNP,T,G,rs398123326,ENST00000371953.3,p.L25V,34:50,NA,145:139,76:93,69:65,NA,,0,51
SUDHL5,ACH-000660,10,89624307,89624307,Splice_Site,damaging,SNP,T,C,,ENST00000371953.3,,32:44,NA,26:20,71:88,66:61,NA,,0,41
HCC70,ACH-000668,10,89692783,89692783,Frame_Shift_Del,damaging,DEL,T,-,NA,ENST00000371953.3,p.P89fs,NA,33:2,93:1,89:12,115:2,NA,,0,35
LN464,ACH-000676,10,89711927,89711928,Frame_Shift_Ins,damaging,INS,-,A,,ENST00000371953.3,p.LK182fs,83:0,NA,69:1,NA,NA,NA,,0,61
HCC2814,ACH-000690,10,89720870,89720870,Missense_Mutation,other non-conserving,SNP,T,G,NA,ENST00000371953.3,p.F341V,NA,NA,5:14,NA,NA,NA,,5,35
CORL47,ACH-000695,10,89624278,89624278,Nonsense_Mutation,damaging,SNP,G,T,NA,ENST00000371953.3,p.E18*,NA,NA,177:2,NA,80:1,NA,,0,35
DMS79,ACH-000703,10,89720870,89720870,Missense_Mutation,other non-conserving,SNP,T,G,NA,ENST00000371953.3,p.F341V,NA,NA,6:5,NA,NA,NA,,5,35
P3HR1,ACH-000707,10,89624275,89624275,Nonsense_Mutation,damaging,SNP,C,T,rs587781912,ENST00000371953.3,p.Q17*,NA,NA,717:4,NA,75:0,NA,,6,44
A253,ACH-000740,10,89692971,89692971,Missense_Mutation,other non-conserving,SNP,T,C,NA,ENST00000371953.3,p.L152P,NA,NA,107:0,110:0,69:0,NA,,7,32
MOLP8,ACH-000745,10,89692859,89692859,Missense_Mutation,other non-conserving,SNP,G,T,rs145124907,ENST00000371953.3,p.D115Y,40:32,NA,192:90,17:62,43:24,NA,,0,50
DMS273,ACH-000749,10,89692900,89692900,Missense_Mutation,other non-conserving,SNP,G,T,NA,ENST00000371953.3,p.K128N,NA,13:0,233:3,63:0,297:0,NA,,3,41
NCIH196,ACH-000752,10,89692929,89692929,Missense_Mutation,other non-conserving,SNP,A,G,NA,ENST00000371953.3,p.Y138C,NA,24:0,316:0,159:0,163:0,NA,,0,35
LNZ308,ACH-000760,10,89712017,89712017,Splice_Site,damaging,SNP,G,C,,ENST00000371953.3,,99:1,NA,NA,NA,NA,NA,,3,50
SH10TC,ACH-000764,10,89624258,89624259,Frame_Shift_Ins,damaging,INS,-,A,,ENST00000371953.3,p.N12fs,71:0,34:4,109:3,NA,307:26,NA,,0,51
P31FUJ,ACH-000770,10,89624245,89624245,Nonsense_Mutation,damaging,SNP,G,T,NA,ENST00000371953.3,p.E7*,NA,NA,265:142,62:96,68:69,NA,,14,44
P31FUJ,ACH-000770,10,89717671,89717672,Frame_Shift_Ins,damaging,INS,-,G,rs121909219,ENST00000371953.3,p.R233fs,NA,NA,94:227,46:83,105:144,NA,,0,119
P31FUJ,ACH-000770,10,89717672,89717672,Missense_Mutation,other non-conserving,SNP,C,G,rs121909219,ENST00000371953.3,p.R233G,NA,NA,94:234,NA,NA,NA,,51,118
NCIH2023,ACH-000781,10,89623937,89623937,De_novo_Start_OutOfFrame,damaging,SNP,A,T,NA,ENST00000371953.3,NA,NA,NA,40:24,NA,NA,NA,,0,0
CAMA1,ACH-000783,10,89692790,89692790,Missense_Mutation,other non-conserving,SNP,G,C,NA,ENST00000371953.3,p.D92H,NA,21:6,187:45,69:30,51:36,NA,,6,40
CAMA1,ACH-000783,10,89720683,89720686,Frame_Shift_Del,damaging,DEL,CTTC,-,NA,ENST00000371953.3,p.FF278fs,NA,7:12,NA,14:56,14:31,NA,,0,33
DAUDI,ACH-000786,10,89692828,89692828,Silent,silent,SNP,T,C,NA,ENST00000371953.3,p.F104F,NA,NA,NA,54:117,NA,NA,,0,33
DAUDI,ACH-000786,10,89692906,89692906,Silent,silent,SNP,A,G,NA,ENST00000371953.3,p.R130R,NA,NA,NA,109:151,NA,NA,,0,37
DAUDI,ACH-000786,10,89692921,89692921,Silent,silent,SNP,A,T,NA,ENST00000371953.3,p.I135I,NA,NA,NA,109:144,NA,NA,,0,44
DAUDI,ACH-000786,10,89692936,89692936,Silent,silent,SNP,A,G,NA,ENST00000371953.3,p.L140L,NA,NA,NA,93:136,NA,NA,,0,34
DAUDI,ACH-000786,10,89692978,89692978,Silent,silent,SNP,C,T,NA,ENST00000371953.3,p.F154F,NA,NA,NA,37:135,NA,NA,,0,37
DAUDI,ACH-000786,10,89717671,89717671,Silent,silent,SNP,A,G,,ENST00000371953.3,p.T232T,NA,NA,NA,15:135,NA,NA,,0,51
DAUDI,ACH-000786,10,89717713,89717713,Silent,silent,SNP,G,A,,ENST00000371953.3,p.P246P,NA,NA,NA,23:121,NA,NA,2.471e-05,4,58
DAUDI,ACH-000786,10,89717716,89717716,Silent,silent,SNP,A,G,,ENST00000371953.3,p.L247L,NA,NA,NA,23:116,NA,NA,,0,64
DAUDI,ACH-000786,10,89717770,89717770,Silent,silent,SNP,A,C,rs121913289,ENST00000371953.3,p.L265L,NA,NA,NA,5:88,NA,NA,,9,40
DAUDI,ACH-000786,10,89720680,89720680,Silent,silent,SNP,A,G,rs376886779,ENST00000371953.3,p.T277T,NA,NA,NA,12:83,NA,NA,8.239e-06,0,31
DAUDI,ACH-000786,10,89720719,89720719,Silent,silent,SNP,A,G,rs529155918,ENST00000371953.3,p.V290V,NA,NA,NA,38:126,NA,NA,1.647e-05,0,31
DAUDI,ACH-000786,10,89720734,89720734,Silent,silent,SNP,A,T,rs587780713,ENST00000371953.3,p.L295L,NA,NA,NA,37:139,NA,NA,,0,34
DAUDI,ACH-000786,10,89720743,89720743,Silent,silent,SNP,A,G,NA,ENST00000371953.3,p.Q298Q,NA,NA,NA,38:152,NA,NA,,0,31
A2058,ACH-000788,10,89692851,89692851,Missense_Mutation,other non-conserving,SNP,T,A,rs121909230,ENST00000371953.3,p.L112Q,NA,11:19,277:63,55:61,180:175,NA,,0,36
WM793,ACH-000827,10,89720670,89720670,Nonsense_Mutation,damaging,SNP,G,A,,ENST00000371953.3,p.W274*,5:15,NA,58:43,16:24,37:32,NA,,0,54
GCT,ACH-000835,10,89711993,89711993,Missense_Mutation,other non-conserving,SNP,C,T,NA,ENST00000371953.3,p.P204L,NA,NA,199:1,258:0,119:0,NA,,3,37
MDAMB468,ACH-000849,10,89690847,89690847,Splice_Site,damaging,SNP,G,T,NA,ENST00000371953.3,NA,NA,NA,NA,64:0,88:0,NA,,0,42
CAL51,ACH-000856,10,89720712,89720712,Frame_Shift_Del,damaging,DEL,A,-,NA,ENST00000371953.3,p.E288fs,NA,6:19,109:174,32:53,55:59,NA,,7,39
CAL51,ACH-000856,10,89720811,89720812,Frame_Shift_Ins,damaging,INS,-,A,rs587783058|rs121913291,ENST00000371953.3,p.TK321fs,NA,14:17,128:120,58:89,49:93,NA,,13,58
KMBC2,ACH-000862,10,89692904,89692904,Missense_Mutation,other non-conserving,SNP,C,G,rs121913292|rs121909224,ENST00000371953.3,p.R130G,103:1,NA,207:1,NA,143:0,NA,,73,224
COLO684,ACH-000864,10,89624299,89624299,Silent,silent,SNP,T,C,rs398123326,ENST00000371953.3,p.L25L,NA,NA,58:62,57:52,37:29,NA,,0,51
COLO684,ACH-000864,10,89692904,89692904,Nonsense_Mutation,damaging,SNP,C,T,rs121913292|rs121909224,ENST00000371953.3,p.R130*,NA,NA,68:1,75:2,88:0,NA,8.236e-06,73,224
NCIH1048,ACH-000866,10,89623552,89623552,De_novo_Start_OutOfFrame,damaging,SNP,C,A,NA,ENST00000371953.3,NA,NA,14:9,27:15,NA,NA,NA,,0,0
MDAMB415,ACH-000876,10,89692923,89692923,Missense_Mutation,other non-conserving,SNP,G,A,NA,ENST00000371953.3,p.C136Y,NA,NA,103:2,82:0,247:2,NA,,8,51
MFE296,ACH-000879,10,89692905,89692905,Missense_Mutation,other non-conserving,SNP,G,A,rs121913292|rs121909229,ENST00000371953.3,p.R130Q,NA,17:0,904:0,104:0,289:2,NA,,72,151
MFE296,ACH-000879,10,89720812,89720812,Frame_Shift_Del,damaging,DEL,A,-,rs121913291,ENST00000371953.3,p.T321fs,84:89,9:13,177:228,64:55,125:147,NA,,17,72
SW1783,ACH-000883,10,89717672,89717672,Nonsense_Mutation,damaging,SNP,C,T,rs121909219,ENST00000371953.3,p.R233*,NA,40:0,86:0,118:0,219:2,NA,,51,133
TOV21G,ACH-000885,10,89692941,89692941,Frame_Shift_Del,damaging,DEL,G,-,,ENST00000371953.3,p.R142fs,92:51,NA,67:26,63:55,226:162,NA,,3,56
TOV21G,ACH-000885,10,89717770,89717770,Frame_Shift_Del,damaging,DEL,A,-,rs121913289,ENST00000371953.3,p.L265fs,34:63,NA,NA,13:46,74:170,NA,,9,55
NCIH1563,ACH-000892,10,89692993,89692993,Silent,silent,SNP,G,A,NA,ENST00000371953.3,p.R159R,NA,NA,88:153,52:124,37:76,NA,,4,48
FTC238,ACH-000897,10,89692904,89692904,Nonsense_Mutation,damaging,SNP,C,T,rs121913292|rs121909224,ENST00000371953.3,p.R130*,NA,NA,21:1,NA,168:0,NA,8.236e-06,73,224
CAL148,ACH-000902,10,89717733,89717733,Missense_Mutation,other non-conserving,SNP,T,A,NA,ENST00000371953.3,p.I253N,NA,NA,266:73,36:42,149:139,NA,,0,34
CAL148,ACH-000902,10,89720741,89720741,Nonsense_Mutation,damaging,SNP,C,T,rs371387815,ENST00000371953.3,p.Q298*,NA,NA,62:270,60:56,112:130,NA,,7,36
FTC133,ACH-000903,10,89692904,89692904,Nonsense_Mutation,damaging,SNP,C,T,rs121913292|rs121909224,ENST00000371953.3,p.R130*,NA,NA,72:2,159:0,274:0,NA,8.236e-06,73,224
NCIH2106,ACH-000904,10,89711913,89711913,Nonsense_Mutation,damaging,SNP,T,A,NA,ENST00000371953.3,p.Y177*,NA,NA,41:0,NA,55:0,NA,,3,43
SNU520,ACH-000908,10,89717770,89717770,Frame_Shift_Del,damaging,DEL,A,-,rs121913289,ENST00000371953.3,p.L265fs,74:0,NA,NA,NA,178:22,NA,,9,55
JHUEM2,ACH-000909,10,89717608,89717608,Splice_Site,damaging,SNP,A,C,,ENST00000371953.3,,114:0,NA,83:0,NA,175:1,NA,,0,48
MDAMB453,ACH-000910,10,89720768,89720768,Missense_Mutation,other non-conserving,SNP,G,A,NA,ENST00000371953.3,p.E307K,NA,19:13,138:160,50:59,250:229,NA,,0,35
NCIH2286,ACH-000912,10,89717664,89717664,Missense_Mutation,other non-conserving,SNP,G,T,,ENST00000371953.3,p.G230V,117:3,19:0,887:2,NA,71:0,NA,,0,49
ESS1,ACH-000913,10,89692940,89692940,Missense_Mutation,other non-conserving,SNP,C,T,,ENST00000371953.3,p.R142W,45:47,7:16,177:172,48:44,48:45,NA,8.236e-06,10,54
TE4,ACH-000917,10,89725228,89725228,Nonstop_Mutation,other non-conserving,SNP,G,T,NA,ENST00000371953.3,p.*404L,NA,NA,NA,51:0,61:0,NA,,0,33
MOLT16,ACH-000918,10,89717710,89717711,Frame_Shift_Ins,damaging,INS,-,CCGCT,NA,ENST00000371953.3,p.-247fs,NA,NA,136:0,NA,NA,NA,,0,36
MOLT16,ACH-000918,10,89717710,89717711,Frame_Shift_Ins,damaging,INS,-,CTTTA,NA,ENST00000371953.3,p.P246fs,NA,NA,136:0,NA,NA,NA,,0,36
CMLT1,ACH-000920,10,89690807,89690807,Missense_Mutation,other non-conserving,SNP,G,A,NA,ENST00000371953.3,p.A72T,NA,NA,97:766,12:36,10:82,NA,,0,38
CMLT1,ACH-000920,10,89720812,89720812,Frame_Shift_Del,damaging,DEL,A,-,rs121913291,ENST00000371953.3,p.T321fs,NA,NA,NA,NA,12:116,NA,,17,72
NCIH1339,ACH-000921,10,89692896,89692904,In_Frame_Del,other non-conserving,DEL,GAAAGGGAC,-,rs121913292|rs121909218|rs121909224|rs398123322,ENST00000371953.3,p.KGR128del,NA,NA,NA,NA,14:193,NA,,4,262
NCIH1339,ACH-000921,10,89717726,89717726,Missense_Mutation,other non-conserving,SNP,G,T,,ENST00000371953.3,p.G251C,62:5,19:0,261:1,NA,179:2,NA,,0,58
JHUEM1,ACH-000928,10,89692905,89692905,Missense_Mutation,other non-conserving,SNP,G,A,rs121913292|rs121909229,ENST00000371953.3,p.R130Q,NA,15:16,516:87,NA,65:51,NA,,72,151
JHUEM1,ACH-000928,10,89717672,89717672,Nonsense_Mutation,damaging,SNP,C,T,rs121909219,ENST00000371953.3,p.R233*,NA,15:24,144:662,NA,55:79,NA,,51,133
HCC1569,ACH-000930,10,89717770,89717770,Frame_Shift_Del,damaging,DEL,A,-,rs121913289,ENST00000371953.3,p.L265fs,NA,15:12,NA,11:24,28:57,NA,,9,55
MDST8,ACH-000935,10,89720778,89720778,Missense_Mutation,other non-conserving,SNP,A,G,NA,ENST00000371953.3,p.D310G,NA,NA,NA,166:1,154:0,NA,,0,31
EFO27,ACH-000936,10,89717770,89717770,Frame_Shift_Del,damaging,DEL,A,-,rs121913289,ENST00000371953.3,p.L265fs,NA,23:7,NA,43:17,224:19,NA,,9,55
PF382,ACH-000937,10,89693010,89693011,Splice_Site,damaging,INS,-,GCCG,,ENST00000371953.3,,113:0,NA,44:0,36:4,56:5,NA,,0,54
SKUT1,ACH-000939,10,89720799,89720802,Frame_Shift_Del,damaging,DEL,TACT,-,rs146650273,ENST00000371953.3,p.VL317fs,NA,17:18,48:65,51:70,39:70,NA,,26,82
SKUT1,ACH-000939,10,89720811,89720812,Frame_Shift_Ins,damaging,INS,-,A,rs587783058|rs121913291,ENST00000371953.3,p.TK321fs,NA,17:21,43:66,47:76,51:59,NA,,13,58
AN3CA,ACH-000940,10,89692905,89692905,Frame_Shift_Del,damaging,DEL,G,-,rs121913292|rs121909229,ENST00000371953.3,p.R130fs,NA,35:6,122:1,205:15,140:4,NA,,72,151
HEC265,ACH-000946,10,89720803,89720804,Frame_Shift_Ins,damaging,INS,-,A,rs398123330,ENST00000371953.3,p.T319fs,115:2,NA,67:1,NA,96:6,NA,,4,121
OVK18,ACH-000947,10,89624299,89624299,Missense_Mutation,other non-conserving,SNP,T,G,rs398123326,ENST00000371953.3,p.L25V,NA,15:29,43:85,43:91,30:65,NA,,0,51
OVK18,ACH-000947,10,89692981,89692982,Frame_Shift_Ins,damaging,INS,-,G,NA,ENST00000371953.3,p.G156fs,NA,34:20,30:28,65:60,108:77,NA,,3,32
OVK18,ACH-000947,10,89720712,89720712,Frame_Shift_Del,damaging,DEL,A,-,NA,ENST00000371953.3,p.E288fs,NA,7:28,17:57,18:62,67:139,NA,,7,39
MDAPCA2B,ACH-000952,10,89692881,89692881,Missense_Mutation,other non-conserving,SNP,T,A,,ENST00000371953.3,p.I122N,56:71,NA,133:139,NA,62:48,NA,,0,56
MDAPCA2B,ACH-000952,10,89692905,89692905,Missense_Mutation,other non-conserving,SNP,G,A,rs121913292|rs121909229,ENST00000371953.3,p.R130Q,76:72,NA,131:128,NA,55:71,NA,,72,151
LS180,ACH-000957,10,89685305,89685305,Missense_Mutation,other non-conserving,SNP,T,A,NA,ENST00000371953.3,p.I67K,NA,7:38,41:364,NA,6:45,NA,,3,35
SNUC4,ACH-000959,10,89717697,89717697,Missense_Mutation,other non-conserving,SNP,T,C,rs121909240,ENST00000371953.3,p.F241S,42:50,NA,424:148,NA,60:65,NA,,0,53
SNUC4,ACH-000959,10,89720712,89720712,Frame_Shift_Del,damaging,DEL,A,-,NA,ENST00000371953.3,p.E288fs,NA,NA,41:144,NA,64:81,NA,,7,39
REH,ACH-000960,10,89711899,89711899,Missense_Mutation,other non-conserving,SNP,C,T,rs121913293,ENST00000371953.3,p.R173C,NA,NA,458:2,NA,82:0,NA,,12,77
REH,ACH-000960,10,89720851,89720851,Silent,silent,SNP,C,T,NA,ENST00000371953.3,p.N334N,NA,NA,693:4,NA,47:0,NA,,0,34
ISHIKAWAHERAKLIO02ER,ACH-000961,10,89720712,89720712,Frame_Shift_Del,damaging,DEL,A,-,NA,ENST00000371953.3,p.E288fs,NA,15:14,55:63,NA,26:33,NA,,7,39
ISHIKAWAHERAKLIO02ER,ACH-000961,10,89720799,89720802,Frame_Shift_Del,damaging,DEL,TACT,-,rs146650273,ENST00000371953.3,p.VL317fs,NA,8:13,55:58,NA,35:51,NA,,26,82
MOLT3,ACH-000964,10,89717770,89717770,Frame_Shift_Del,damaging,DEL,A,-,rs121913289,ENST00000371953.3,p.L265fs,51:1,NA,306:4,NA,NA,NA,,9,55
RL952,ACH-000965,10,89692918,89692918,Missense_Mutation,other non-conserving,SNP,G,T,NA,ENST00000371953.3,p.M134I,NA,22:17,37:144,72:91,111:130,NA,,0,33
RL952,ACH-000965,10,89711900,89711900,Missense_Mutation,other non-conserving,SNP,G,A,rs121913294,ENST00000371953.3,p.R173H,NA,14:16,79:148,114:118,70:55,NA,8.236e-06,17,65
RL952,ACH-000965,10,89720812,89720812,Frame_Shift_Del,damaging,DEL,A,-,rs121913291,ENST00000371953.3,p.T321fs,NA,NA,132:2,NA,NA,NA,,17,72
RL952,ACH-000965,10,89720812,89720813,Frame_Shift_Ins,damaging,INS,-,A,rs121913291,ENST00000371953.3,p.K322fs,NA,NA,132:2,NA,NA,NA,,17,57
IGROV1,ACH-000966,10,89692980,89692980,Missense_Mutation,other non-conserving,SNP,A,G,,ENST00000371953.3,p.Y155C,NA,17:10,85:29,57:69,131:134,NA,,0,57
IGROV1,ACH-000966,10,89720799,89720802,Frame_Shift_Del,damaging,DEL,TACT,-,rs146650273,ENST00000371953.3,p.VL317fs,NA,13:15,35:124,39:68,83:149,NA,,26,82
KM12,ACH-000969,10,89692901,89692901,Nonsense_Mutation,damaging,SNP,G,T,NA,ENST00000371953.3,p.G129*,NA,10:15,137:152,68:72,82:97,NA,,4,66
KM12,ACH-000969,10,89717770,89717770,Frame_Shift_Del,damaging,DEL,A,-,rs121913289,ENST00000371953.3,p.L265fs,NA,9:23,NA,32:52,37:48,NA,,9,55
HEC151,ACH-000972,10,89653796,89653798,In_Frame_Del,other non-conserving,DEL,ATT,-,,ENST00000371953.3,p.I33del,40:31,NA,83:39,NA,65:89,NA,,3,52
HEC151,ACH-000972,10,89690819,89690820,Frame_Shift_Del,damaging,DEL,TA,-,,ENST00000371953.3,p.Y76fs,17:20,NA,41:130,NA,53:64,NA,,0,72
639V,ACH-000973,10,89692905,89692905,Missense_Mutation,other non-conserving,SNP,G,A,rs121913292|rs121909229,ENST00000371953.3,p.R130Q,NA,NA,132:157,59:119,60:83,NA,,72,151
639V,ACH-000973,10,89711899,89711899,Missense_Mutation,other non-conserving,SNP,C,T,rs121913293,ENST00000371953.3,p.R173C,NA,NA,109:103,111:88,41:43,NA,,12,77
SNGM,ACH-000974,10,89693003,89693003,Frame_Shift_Del,damaging,DEL,A,-,NA,ENST00000371953.3,p.K164fs,NA,9:10,NA,42:73,29:29,NA,,6,32
SNGM,ACH-000974,10,89720712,89720712,Frame_Shift_Del,damaging,DEL,A,-,NA,ENST00000371953.3,p.E288fs,NA,10:12,34:45,41:58,31:29,NA,,7,39
LNCAPCLONEFGC,ACH-000977,10,89624242,89624243,Frame_Shift_Del,damaging,DEL,AA,-,rs121913290,ENST00000371953.3,p.K6fs,NA,NA,214:0,62:45,50:1,NA,,3,40
EN,ACH-000978,10,89624274,89624274,Silent,silent,SNP,T,C,rs587782187,ENST00000371953.3,p.Y16Y,NA,NA,59:70,52:41,84:114,NA,,4,39
NCIH1155,ACH-000980,10,89717672,89717672,Nonsense_Mutation,damaging,SNP,C,T,rs121909219,ENST00000371953.3,p.R233*,NA,NA,43:1,114:0,264:56,NA,,51,133
NCIH1155,ACH-000980,10,89720870,89720870,Missense_Mutation,other non-conserving,SNP,T,G,NA,ENST00000371953.3,p.F341V,NA,NA,5:65,NA,NA,NA,,5,35
DND41,ACH-000981,10,89692800,89692800,Missense_Mutation,other non-conserving,SNP,C,A,,ENST00000371953.3,p.P95Q,27:118,NA,93:296,NA,9:63,NA,,0,56
GP2D,ACH-000982,10,89692833,89692833,Missense_Mutation,other non-conserving,SNP,A,G,,ENST00000371953.3,p.E106G,NA,16:16,427:437,NA,57:63,NA,,0,51
HEC6,ACH-000984,10,89690848,89690848,Splice_Site,damaging,SNP,T,C,,ENST00000371953.3,,5:31,NA,NA,NA,32:92,NA,,0,53
HEC6,ACH-000984,10,89720712,89720712,Frame_Shift_Del,damaging,DEL,A,-,NA,ENST00000371953.3,p.E288fs,NA,NA,78:89,NA,54:43,NA,,7,39
LS411N,ACH-000985,10,89692826,89692826,Frame_Shift_Del,damaging,DEL,T,-,NA,ENST00000371953.3,p.F104fs,NA,5:15,96:139,68:101,226:239,NA,,0,33
LS411N,ACH-000985,10,89693003,89693003,Frame_Shift_Del,damaging,DEL,A,-,NA,ENST00000371953.3,p.K164fs,NA,15:25,85:73,46:78,68:83,NA,,6,32
MFE319,ACH-000988,10,89712018,89712018,Splice_Site,damaging,SNP,T,G,NA,ENST00000371953.3,NA,NA,14:14,NA,127:155,84:51,NA,,0,30
MFE319,ACH-000988,10,89720808,89720808,Nonsense_Mutation,damaging,SNP,T,G,rs398123330,ENST00000371953.3,p.L320*,NA,NA,29:26,NA,NA,NA,,3,40
MFE319,ACH-000988,10,89720811,89720812,Frame_Shift_Ins,damaging,INS,-,A,rs587783058|rs121913291,ENST00000371953.3,p.TK321fs,NA,20:13,21:37,95:128,36:56,NA,,13,58
HEC108,ACH-000990,10,89624242,89624243,Frame_Shift_Del,damaging,DEL,AA,-,rs121913290,ENST00000371953.3,p.K6fs,NA,NA,113:94,NA,95:97,NA,,3,40
HEC108,ACH-000990,10,89720712,89720712,Frame_Shift_Del,damaging,DEL,A,-,NA,ENST00000371953.3,p.E288fs,NA,NA,60:132,NA,74:102,NA,,7,39
SNU81,ACH-000991,10,89685285,89685285,Silent,silent,SNP,G,A,NA,ENST00000371953.3,p.K60K,NA,NA,NA,24:32,39:35,NA,,0,34
SNU81,ACH-000991,10,89692905,89692905,Missense_Mutation,other non-conserving,SNP,G,A,rs121913292|rs121909229,ENST00000371953.3,p.R130Q,NA,NA,121:39,82:114,108:121,NA,,72,151
SNU81,ACH-000991,10,89717673,89717673,Missense_Mutation,other non-conserving,SNP,G,A,NA,ENST00000371953.3,p.R233Q,NA,NA,15:90,84:81,76:78,NA,8.236e-06,0,39
SNU81,ACH-000991,10,89720744,89720744,Nonsense_Mutation,damaging,SNP,G,T,NA,ENST00000371953.3,p.E299*,NA,NA,27:103,111:105,66:92,NA,,14,40
BICR18,ACH-000992,10,89653795,89653795,Silent,silent,SNP,C,T,NA,ENST00000371953.3,p.N31N,NA,NA,634:76,NA,NA,NA,,0,31
BICR18,ACH-000992,10,89690812,89690812,Silent,silent,SNP,A,G,NA,ENST00000371953.3,p.E73E,NA,NA,336:67,NA,NA,NA,,0,40
BICR18,ACH-000992,10,89690839,89690839,Silent,silent,SNP,T,C,NA,ENST00000371953.3,p.N82N,NA,NA,479:66,NA,NA,NA,,0,39
BICR18,ACH-000992,10,89692777,89692777,Silent,silent,SNP,A,G,rs149772796,ENST00000371953.3,p.Q87Q,NA,NA,676:67,NA,NA,NA,1.647e-05,0,33
BICR18,ACH-000992,10,89692828,89692828,Silent,silent,SNP,T,C,NA,ENST00000371953.3,p.F104F,NA,NA,670:56,NA,37:85,NA,,0,33
BICR18,ACH-000992,10,89692906,89692906,Silent,silent,SNP,A,G,NA,ENST00000371953.3,p.R130R,NA,NA,130:57,NA,64:112,NA,,0,37
BICR18,ACH-000992,10,89692921,89692921,Silent,silent,SNP,A,T,NA,ENST00000371953.3,p.I135I,NA,NA,92:62,NA,57:115,NA,,0,44
BICR18,ACH-000992,10,89692936,89692936,Silent,silent,SNP,A,G,NA,ENST00000371953.3,p.L140L,NA,NA,127:74,NA,54:110,NA,,0,34
BICR18,ACH-000992,10,89692978,89692978,Silent,silent,SNP,C,T,NA,ENST00000371953.3,p.F154F,NA,NA,303:62,NA,28:82,NA,,0,37
BICR18,ACH-000992,10,89711883,89711883,Silent,silent,SNP,T,A,NA,ENST00000371953.3,p.T167T,NA,NA,151:73,NA,NA,NA,,0,38
BICR18,ACH-000992,10,89717671,89717671,Silent,silent,SNP,A,G,,ENST00000371953.3,p.T232T,10:55,NA,96:56,NA,17:85,NA,,0,51
BICR18,ACH-000992,10,89717674,89717674,Silent,silent,SNP,A,G,,ENST00000371953.3,p.R233R,7:56,NA,82:58,NA,16:84,NA,,0,55
BICR18,ACH-000992,10,89717680,89717680,Silent,silent,SNP,A,G,,ENST00000371953.3,p.E235E,7:53,NA,57:71,NA,14:81,NA,,0,52
BICR18,ACH-000992,10,89717713,89717713,Silent,silent,SNP,G,A,,ENST00000371953.3,p.P246P,7:53,NA,95:89,NA,16:74,NA,2.471e-05,4,58
BICR18,ACH-000992,10,89717716,89717716,Silent,silent,SNP,A,G,,ENST00000371953.3,p.L247L,7:53,NA,117:91,NA,16:74,NA,,0,64
BICR18,ACH-000992,10,89717770,89717770,Silent,silent,SNP,A,C,rs121913289,ENST00000371953.3,p.L265L,NA,NA,654:80,NA,6:52,NA,,9,40
BICR18,ACH-000992,10,89720680,89720680,Silent,silent,SNP,A,G,rs376886779,ENST00000371953.3,p.T277T,NA,NA,482:59,NA,7:46,NA,8.239e-06,0,31
BICR18,ACH-000992,10,89720719,89720719,Silent,silent,SNP,A,G,rs529155918,ENST00000371953.3,p.V290V,NA,NA,99:69,NA,31:75,NA,1.647e-05,0,31
BICR18,ACH-000992,10,89720734,89720734,Silent,silent,SNP,A,T,rs587780713,ENST00000371953.3,p.L295L,NA,NA,39:66,NA,37:79,NA,,0,34
BICR18,ACH-000992,10,89720743,89720743,Silent,silent,SNP,A,G,NA,ENST00000371953.3,p.Q298Q,NA,NA,30:61,NA,36:76,NA,,0,31
BICR18,ACH-000992,10,89720803,89720803,Silent,silent,SNP,T,C,NA,ENST00000371953.3,p.L318L,NA,NA,128:65,NA,NA,NA,,4,69
BICR18,ACH-000992,10,89720845,89720845,Silent,silent,SNP,A,G,NA,ENST00000371953.3,p.K332K,NA,NA,63:85,NA,NA,NA,,0,34
BICR18,ACH-000992,10,89720860,89720860,Silent,silent,SNP,T,C,NA,ENST00000371953.3,p.F337F,NA,NA,233:83,NA,NA,NA,,0,36
BICR18,ACH-000992,10,89725049,89725049,Silent,silent,SNP,G,A,NA,ENST00000371953.3,p.K344K,NA,NA,44:81,NA,NA,NA,,0,30
BICR18,ACH-000992,10,89725052,89725052,Silent,silent,SNP,G,A,NA,ENST00000371953.3,p.L345L,NA,NA,38:82,NA,NA,NA,,0,30
BICR18,ACH-000992,10,89725058,89725058,Silent,silent,SNP,C,T,NA,ENST00000371953.3,p.F347F,NA,NA,36:82,NA,NA,NA,,0,37
BICR18,ACH-000992,10,89725079,89725079,Silent,silent,SNP,G,A,NA,ENST00000371953.3,p.P354P,NA,NA,21:83,NA,NA,NA,,0,30
BICR18,ACH-000992,10,89725112,89725112,Silent,silent,SNP,A,G,NA,ENST00000371953.3,p.V365V,NA,NA,221:65,NA,NA,NA,,0,30
BICR18,ACH-000992,10,89725115,89725115,Silent,silent,SNP,A,T,NA,ENST00000371953.3,p.T366T,NA,NA,229:65,NA,NA,NA,,0,30
BICR18,ACH-000992,10,89725209,89725209,Missense_Mutation,other non-conserving,SNP,A,T,NA,ENST00000371953.3,p.T398S,NA,NA,154:36,NA,NA,NA,,0,31
JHUEM7,ACH-000993,10,89624245,89624245,Nonsense_Mutation,damaging,SNP,G,T,NA,ENST00000371953.3,p.E7*,NA,NA,86:91,NA,32:35,NA,,14,44
JHUEM7,ACH-000993,10,89717702,89717702,Missense_Mutation,other non-conserving,SNP,T,G,,ENST00000371953.3,p.F243V,42:32,NA,101:137,NA,81:85,NA,,0,50
JHUEM7,ACH-000993,10,89720750,89720750,Missense_Mutation,other non-conserving,SNP,G,A,NA,ENST00000371953.3,p.D301N,NA,NA,114:83,NA,62:75,NA,1.647e-05,0,32
JHUEM7,ACH-000993,10,89720870,89720870,Missense_Mutation,other non-conserving,SNP,T,G,NA,ENST00000371953.3,p.F341V,NA,NA,73:115,NA,46:37,NA,,5,35
HEC59,ACH-000994,10,89653838,89653838,Missense_Mutation,other non-conserving,SNP,T,C,,ENST00000371953.3,p.Y46H,59:88,NA,98:120,NA,69:91,NA,,0,49
HEC59,ACH-000994,10,89717672,89717672,Nonsense_Mutation,damaging,SNP,C,T,rs121909219,ENST00000371953.3,p.R233*,105:65,NA,242:214,NA,190:97,NA,,51,133
HEC59,ACH-000994,10,89717712,89717712,Missense_Mutation,other non-conserving,SNP,C,T,rs587782350,ENST00000371953.3,p.P246L,45:100,NA,220:315,NA,113:186,NA,,4,62
HEC59,ACH-000994,10,89717770,89717770,Frame_Shift_Del,damaging,DEL,A,-,rs121913289,ENST00000371953.3,p.L265fs,20:66,NA,NA,NA,53:95,NA,,9,55
JURKAT,ACH-000995,10,89717673,89717674,Frame_Shift_Ins,damaging,INS,-,GGCCC,NA,ENST00000371953.3,p.R234fs,NA,NA,77:192,NA,NA,NA,,0,44
JURKAT,ACH-000995,10,89717673,89717674,Frame_Shift_Ins,damaging,INS,-,GGCCCAT,NA,ENST00000371953.3,p.R234fs,NA,NA,NA,10:55,NA,NA,,0,44
JURKAT,ACH-000995,10,89717674,89717675,Frame_Shift_Ins,damaging,INS,-,TG,NA,ENST00000371953.3,p.R234fs,NA,NA,78:192,NA,NA,NA,,0,50
JURKAT,ACH-000995,10,89717675,89717675,Missense_Mutation,other non-conserving,SNP,C,G,NA,ENST00000371953.3,p.R234G,NA,NA,134:194,NA,NA,NA,,0,48
JURKAT,ACH-000995,10,89717712,89717713,Frame_Shift_Ins,damaging,INS,-,CTGGGTT,rs587782350,ENST00000371953.3,p.L247fs,19:22,NA,105:183,19:48,NA,NA,,4,66
HEC251,ACH-000996,10,89624255,89624255,Missense_Mutation,other non-conserving,SNP,G,A,,ENST00000371953.3,p.S10N,48:70,NA,104:82,NA,24:37,NA,,0,54
HEC251,ACH-000996,10,89685289,89685289,Missense_Mutation,other non-conserving,SNP,A,C,,ENST00000371953.3,p.K62Q,3:24,NA,NA,NA,9:94,NA,,3,54
HEC251,ACH-000996,10,89720744,89720744,Nonsense_Mutation,damaging,SNP,G,T,NA,ENST00000371953.3,p.E299*,NA,NA,62:105,NA,55:49,NA,,14,40
CW2,ACH-000998,10,89653815,89653815,Missense_Mutation,other non-conserving,SNP,C,A,NA,ENST00000371953.3,p.P38H,NA,NA,160:156,49:53,93:85,NA,,3,31
SNU1040,ACH-000999,10,89685316,89685316,Splice_Site,damaging,SNP,T,C,rs398123318,ENST00000371953.3,NA,NA,NA,NA,30:35,27:37,NA,,0,41
SNU1040,ACH-000999,10,89717669,89717669,Missense_Mutation,other non-conserving,SNP,A,G,NA,ENST00000371953.3,p.T232A,NA,NA,NA,31:93,NA,NA,,0,33
SNU1040,ACH-000999,10,89717723,89717723,Missense_Mutation,other non-conserving,SNP,T,C,NA,ENST00000371953.3,p.C250R,NA,NA,NA,17:83,NA,NA,,0,31
SNU1040,ACH-000999,10,89720852,89720852,Nonsense_Mutation,damaging,SNP,C,T,rs121909231,ENST00000371953.3,p.R335*,NA,NA,145:156,82:85,60:60,NA,,14,50
SNU1040,ACH-000999,10,89725212,89725212,Nonsense_Mutation,damaging,SNP,C,T,NA,ENST00000371953.3,p.Q399*,NA,NA,84:104,18:33,26:31,NA,,0,30
COLO704,ACH-001042,10,89624299,89624299,Silent,silent,SNP,T,C,rs398123326,ENST00000371953.3,p.L25L,NA,NA,NA,NA,20:23,NA,,0,51
COLO704,ACH-001042,10,89692904,89692904,Nonsense_Mutation,damaging,SNP,C,T,rs121913292|rs121909224,ENST00000371953.3,p.R130*,NA,NA,NA,NA,84:1,NA,8.236e-06,73,224
EVSAT,ACH-001065,10,89720799,89720802,Frame_Shift_Del,damaging,DEL,TACT,-,rs146650273,ENST00000371953.3,p.VL317fs,NA,NA,NA,59:10,169:32,NA,,26,82
HCC2998,ACH-001081,10,89653839,89653839,Missense_Mutation,other non-conserving,SNP,A,G,NA,ENST00000371953.3,p.Y46C,NA,NA,NA,56:56,NA,NA,,0,31
HCC2998,ACH-001081,10,89692905,89692905,Missense_Mutation,other non-conserving,SNP,G,A,rs121913292|rs121909229,ENST00000371953.3,p.R130Q,NA,NA,NA,85:95,NA,NA,,72,151
HCC2998,ACH-001081,10,89720870,89720870,Missense_Mutation,other non-conserving,SNP,T,G,NA,ENST00000371953.3,p.F341V,NA,NA,NA,82:59,NA,NA,,5,35
HRT18,ACH-001091,10,89692776,89692776,Missense_Mutation,other non-conserving,SNP,A,C,NA,ENST00000371953.3,p.Q87P,NA,NA,NA,NA,31:127,NA,,0,33
HRT18,ACH-001091,10,89692802,89692802,Missense_Mutation,other non-conserving,SNP,C,T,rs398123320,ENST00000371953.3,p.P96S,NA,NA,NA,NA,26:155,NA,,0,36
M059J,ACH-001118,10,89711992,89711992,Frame_Shift_Del,damaging,DEL,C,-,,ENST00000371953.3,p.P204fs,NA,NA,NA,225:38,NA,NA,,0,55
MOGGUVW,ACH-001126,10,89624273,89624273,Missense_Mutation,other non-conserving,SNP,A,C,NA,ENST00000371953.3,p.Y16S,NA,NA,NA,114:1,21:0,NA,,0,39
MOGGUVW,ACH-001126,10,89653802,89653802,Missense_Mutation,other non-conserving,SNP,G,T,NA,ENST00000371953.3,p.A34S,NA,NA,NA,NA,5:35,NA,,0,32
MOLT4,ACH-001127,10,89717770,89717770,Frame_Shift_Del,damaging,DEL,A,-,rs121913289,ENST00000371953.3,p.L265fs,NA,NA,NA,47:17,172:44,NA,,9,55
OCILY10,ACH-001146,10,89685268,89685268,Splice_Site,damaging,SNP,A,C,NA,ENST00000371953.3,NA,NA,NA,NA,NA,29:0,NA,,0,33
PCM6,ACH-001162,10,89653844,89653846,In_Frame_Del,other non-conserving,DEL,AAC,-,,ENST00000371953.3,p.N49del,52:0,NA,NA,NA,119:4,NA,,0,50
R262,ACH-001173,10,89717695,89717696,Frame_Shift_Ins,damaging,INS,-,TT,rs190070312,ENST00000371953.3,p.F241fs,79:0,NA,NA,NA,NA,NA,,6,53
SUPHD1,ACH-001203,10,89624299,89624299,Silent,silent,SNP,T,C,rs398123326,ENST00000371953.3,p.L25L,39:57,NA,NA,NA,NA,NA,,0,51
SUPHD1,ACH-001203,10,89624299,89624300,Missense_Mutation,other non-conserving,DNP,TT,CA,rs398123326,ENST00000371953.3,p.L25Q,NA,NA,NA,66:64,39:28,NA,,0,31
SUPHD1,ACH-001203,10,89624300,89624300,Nonsense_Mutation,damaging,SNP,T,A,,ENST00000371953.3,p.L25*,39:57,NA,NA,NA,NA,NA,,NA,51
U138MG,ACH-001214,10,89720876,89720876,Splice_Site,damaging,SNP,G,T,NA,ENST00000371953.3,NA,NA,NA,NA,NA,45:2,NA,,7,36
C33A,ACH-001333,10,89692904,89692904,Nonsense_Mutation,damaging,SNP,C,T,rs121913292|rs121909224,ENST00000371953.3,p.R130*,122:128,NA,NA,92:83,NA,NA,8.236e-06,73,224
C33A,ACH-001333,10,89717672,89717672,Nonsense_Mutation,damaging,SNP,C,T,rs121909219,ENST00000371953.3,p.R233*,78:89,NA,NA,59:82,NA,NA,,51,133
GP5D,ACH-001345,10,89692833,89692833,Missense_Mutation,other non-conserving,SNP,A,G,,ENST00000371953.3,p.E106G,176:162,NA,NA,53:74,NA,NA,,0,51
NCIH1770,ACH-001362,10,89711913,89711913,Nonsense_Mutation,damaging,SNP,T,A,NA,ENST00000371953.3,p.Y177*,NA,NA,NA,117:0,NA,NA,,3,43
NCIH847,ACH-001365,10,89653841,89653841,Missense_Mutation,other non-conserving,SNP,A,G,NA,ENST00000371953.3,p.R47G,NA,NA,NA,56:1,NA,NA,,0,31
PACADD137,ACH-001377,10,89717770,89717770,Frame_Shift_Del,damaging,DEL,A,-,rs121913289,ENST00000371953.3,p.L265fs,35:201,NA,NA,NA,NA,NA,,9,55
SW156,ACH-001398,10,89720812,89720812,Frame_Shift_Del,damaging,DEL,A,-,rs121913291,ENST00000371953.3,p.T321fs,NA,NA,NA,105:23,NA,NA,,17,72
UMUC9,ACH-001416,10,89624296,89624296,Missense_Mutation,other non-conserving,SNP,G,T,,ENST00000371953.3,p.D24Y,163:1,NA,NA,NA,NA,NA,,3,59
ASH3,ACH-001443,10,89717698,89717699,Frame_Shift_Ins,damaging,INS,-,G,rs17849090,ENST00000371953.3,p.E242fs,280:1,NA,NA,146:25,NA,NA,,0,64
CORL32,ACH-001489,10,89711881,89711881,Missense_Mutation,other non-conserving,SNP,A,G,NA,ENST00000371953.3,p.T167A,NA,NA,NA,48:113,NA,NA,,0,44
NCCIT,ACH-001578,10,89711900,89711900,Missense_Mutation,other non-conserving,SNP,G,C,rs121913294,ENST00000371953.3,p.R173P,NA,NA,NA,129:1,NA,NA,,17,65
NO11,ACH-001606,10,89624275,89624277,In_Frame_Del,other non-conserving,DEL,CAA,-,rs587781912,ENST00000371953.3,p.Q17del,NA,NA,NA,119:16,NA,NA,,6,46
NP3,ACH-001609,10,89711973,89711975,In_Frame_Del,other non-conserving,DEL,GAT,-,,ENST00000371953.3,p.M199del,147:2,NA,NA,NA,NA,NA,,NA,57
NP5,ACH-001610,10,89717672,89717672,Nonsense_Mutation,damaging,SNP,C,T,rs121909219,ENST00000371953.3,p.R233*,291:0,NA,NA,NA,NA,NA,,51,133
ONDA7,ACH-001622,10,89717730,89717730,Missense_Mutation,other non-conserving,SNP,A,G,rs121909239,ENST00000371953.3,p.D252G,194:0,NA,NA,NA,NA,NA,,NA,51
ONDA9,ACH-001624,10,89692817,89692819,In_Frame_Del,other non-conserving,DEL,ATC,-,rs587782641,ENST00000371953.3,p.I101del,187:1,NA,NA,NA,NA,NA,,0,63
SKN,ACH-001655,10,89692922,89692922,Missense_Mutation,other non-conserving,SNP,T,C,NA,ENST00000371953.3,p.C136R,NA,NA,NA,112:1,NA,NA,,8,46
ICC108,ACH-001836,10,89717630,89717630,Nonsense_Mutation,damaging,SNP,C,T,,ENST00000371953.3,p.Q219*,141:0,NA,NA,NA,NA,NA,,0,53
KMCH1,ACH-001853,10,89725054,89725054,Missense_Mutation,other non-conserving,SNP,A,G,,ENST00000371953.3,p.Y346C,97:88,NA,NA,NA,NA,NA,,0,47
UMCHOR1,ACH-001957,10,89692932,89692932,Nonsense_Mutation,damaging,SNP,T,A,,ENST00000371953.3,p.L139*,235:0,NA,NA,NA,NA,NA,,0,60
UACC62SKINCJ1,ACH-002004,10,89717715,89717716,Frame_Shift_Ins,damaging,INS,-,A,rs587782341,ENST00000371953.3,p.P248fs,110:0,NA,NA,NA,NA,NA,,8,67
P30OHK,ACH-002059,10,89692931,89692931,Missense_Mutation,other non-conserving,SNP,T,G,NA,ENST00000371953.3,p.L139V,NA,NA,NA,56:90,NA,NA,,0,36
LU165,ACH-002077,10,89653808,89653808,Missense_Mutation,other non-conserving,SNP,G,A,NA,ENST00000371953.3,p.G36R,NA,NA,NA,63:12,NA,NA,,8,38
CHSA0011,ACH-002092,10,89685294,89685294,Missense_Mutation,other non-conserving,SNP,C,A,NA,ENST00000371953.3,p.N63K,NA,NA,NA,4:15,NA,NA,,3,33
CP50MELB,ACH-002096,10,89717711,89717712,Frame_Shift_Ins,damaging,INS,-,AA,rs587782350,ENST00000371953.3,p.P246fs,NA,NA,NA,65:6,NA,NA,,0,49
H290,ACH-002136,10,89720803,89720804,Frame_Shift_Ins,damaging,INS,-,A,rs398123330,ENST00000371953.3,p.T319fs,NA,NA,NA,63:112,NA,NA,,4,121
NCIH1688,ACH-002170,10,89692883,89692883,Missense_Mutation,other non-conserving,SNP,C,T,NA,ENST00000371953.3,p.H123Y,NA,NA,NA,4:42,NA,NA,,7,40
NCIH250,ACH-002171,10,89692811,89692811,Nonsense_Mutation,damaging,SNP,G,T,NA,ENST00000371953.3,p.E99*,NA,NA,NA,66:1,NA,NA,,0,36
YMB1E,ACH-002208,10,89692839,89692839,Missense_Mutation,other non-conserving,SNP,T,G,,ENST00000371953.3,p.L108R,NA,NA,NA,251:0,NA,NA,,3,55
BC3,ACH-002215,10,89717718,89717719,Frame_Shift_Del,damaging,DEL,CT,-,NA,ENST00000371953.3,p.P248fs,NA,NA,NA,56:104,NA,NA,,0,43
D247MG,ACH-002224,10,89690802,89690802,Splice_Site,damaging,SNP,G,C,NA,ENST00000371953.3,NA,NA,NA,NA,63:1,NA,NA,,0,34
D263MG,ACH-002225,10,89720788,89720788,Frame_Shift_Del,damaging,DEL,G,-,rs562164491,ENST00000371953.3,p.K313fs,NA,NA,NA,168:22,NA,NA,,0,32
D392MG,ACH-002227,10,89711971,89711971,Nonsense_Mutation,damaging,SNP,A,T,NA,ENST00000371953.3,p.K197*,NA,NA,NA,123:0,NA,NA,,0,35
D423MG,ACH-002228,10,89711899,89711899,Missense_Mutation,other non-conserving,SNP,C,T,rs121913293,ENST00000371953.3,p.R173C,NA,NA,NA,124:1,NA,NA,,12,77
D542MG,ACH-002230,10,89720852,89720852,Nonsense_Mutation,damaging,SNP,C,T,rs121909231,ENST00000371953.3,p.R335*,NA,NA,NA,82:1,NA,NA,,14,50
D566MG,ACH-002231,10,89720852,89720852,Nonsense_Mutation,damaging,SNP,C,T,rs121909231,ENST00000371953.3,p.R335*,NA,NA,NA,77:3,NA,NA,,14,50
KARPAS45,ACH-002256,10,89720852,89720852,Nonsense_Mutation,damaging,SNP,C,T,rs121909231,ENST00000371953.3,p.R335*,NA,NA,NA,157:0,NA,NA,,14,50
KY821,ACH-002262,10,89720673,89720673,Missense_Mutation,other non-conserving,SNP,T,A,NA,ENST00000371953.3,p.V275E,NA,NA,NA,13:62,NA,NA,,0,32
KY821,ACH-002262,10,89720797,89720797,Silent,silent,SNP,A,G,NA,ENST00000371953.3,p.L316L,NA,NA,NA,81:115,NA,NA,8.237e-06,0,32
LN405,ACH-002268,10,89711899,89711899,Missense_Mutation,other non-conserving,SNP,C,T,rs121913293,ENST00000371953.3,p.R173C,NA,NA,NA,142:6,NA,NA,,12,77
LNZTA3WT4,ACH-002269,10,89712017,89712017,Splice_Site,damaging,SNP,G,C,,ENST00000371953.3,,NA,NA,NA,136:0,NA,NA,,3,50
SUDHL16,ACH-002307,10,89653860,89653861,Missense_Mutation,other non-conserving,DNP,TA,AT,rs189583426,ENST00000371953.3,p.V53D,NA,NA,NA,39:36,NA,NA,,0,31
TUR,ACH-002314,10,89692903,89692904,Frame_Shift_Ins,damaging,INS,-,CGCC,rs121913292|rs121909224,ENST00000371953.3,p.-130fs,NA,NA,NA,30:11,NA,NA,,0,225
SCC90,ACH-002315,10,89692895,89692895,Missense_Mutation,other non-conserving,SNP,G,A,rs587781255,ENST00000371953.3,p.G127R,NA,NA,NA,64:0,NA,NA,,5,35
SCC90,ACH-002315,10,89692918,89692918,Missense_Mutation,other non-conserving,SNP,G,A,NA,ENST00000371953.3,p.M134I,NA,NA,NA,64:0,NA,NA,,0,33
L542,ACH-002351,10,89720673,89720673,Missense_Mutation,other non-conserving,SNP,T,A,NA,ENST00000371953.3,p.V275E,NA,NA,NA,12:77,NA,NA,,0,32
M00921,ACH-002386,10,89720799,89720802,Frame_Shift_Del,damaging,DEL,TACT,-,rs146650273,ENST00000371953.3,p.VL317fs,NA,NA,NA,54:22,NA,NA,,26,82
ACN,ACH-002389,10,89711927,89711928,Frame_Shift_Ins,damaging,INS,-,A,,ENST00000371953.3,p.LK182fs,NA,NA,NA,108:21,NA,NA,,0,61
