Subject_ID,Nucleotide_Change,Amino_Acid_Change,AA_one_letter,Age_Assessment,Sex,CC_Score,Fitness_Score,Abundance_Score,Phenotype_List,Phenotype_Class,ASD,PHTS,Age_Head_Measure,Head_Measure(cm),Head_size_expected,Head_size_expected_SD,Head_z_score,CADD_Score,Fitness_score_coded,Abundance_score_coded,Quadrant,Thyroid_Age_Dx,Breast_1_Age_Dx,Breast_2_Age_Dx,Melanoma_Age_Dx,Colorec_Age_Dx,Gastric_Age_Dx,Small_Bowel_Age_Dx,Pancreas_Age_Dx,GI_Other_Age_Dx,Uterine_Age_Dx,RCC_Age_Dx,min_cancer_age
330,c.716T>C,p.(Met239Thr),M239T,26,Male,6,0.09851002,0.600931481,Learning Disabilities|Macrocephaly,ASD/DD,TRUE,FALSE,26,59.25,56.74,1.77,1.418079096,22.5,0,1,1,NA,NA,NA,NA,NA,NA,NA,NA,NA,NA,NA,
370,c.395G>A,p.(Gly132Asp),G132D,63,Male,50,-3.361888951,0.444315703,Acral Keratoses|Adenomatous Polyps|Basal Cell Carcinoma|Benign Neurologic Neoplasms|Fibroma|Fundic Gland Polyp|Gastroesophageal Reflux Disease|Genitourinary Neoplasm|Goiter|Hamartomatous Polyp|Hemangioma of Skin|Inflammatory Polyp|Macrocephaly|Malignant Neoplasm Lung|Malignant Neoplasm of Kidney|Multiple Esophageal Plaques|Oral Mucosa Papilloma|Polyp Hyperplastic Benign|Skin Papilloma|Squamous Cell Carcinoma of Skin|Tan Macules on Glans Penis and Penile Shaft|Trichilemmoma,PHTS,FALSE,TRUE,59,62.5,56.74,1.77,3.254237288,27.6,2,1,2,NA,NA,NA,NA,NA,NA,NA,NA,NA,NA,63,63
435,c.406T>C,p.(Cys136Arg),C136R,52,Female,18,-4.785818379,0.167416316,Adenomatous Polyps|Benign Neoplasm of Thyroid Gland|Benign Neurologic Neoplasms|Breast Fibrocystic Disease|Ductal Breast Carcinoma|Lipoma|Thyroid Hurthle Cell Carcinoma|Uterine Cancer,PHTS,FALSE,TRUE,,,,,,27.8,2,2,2,33,49,NA,NA,NA,NA,NA,NA,NA,46,NA,33
522,c.103A>G,p.(Met35Val),M35V,35,Male,14,-1.268664947,1.061208504,Benign Neoplasm of Testis|Goiter|Macrocephaly|Polyp Hyperplastic Benign|Skin Tag|Thyroid Nodule,PHTS,FALSE,TRUE,35,64.8,56.74,1.77,4.553672316,24.7,1,0,3,NA,NA,NA,NA,NA,NA,NA,NA,NA,NA,NA,
897,c.284C>T,p.(Pro95Leu),P95L,17,Male,NA,-3.414242736,0.513916931,Juvenile Polyp|Macrocephaly,PHTS,FALSE,TRUE,17,60,56.38,1.56,2.320512821,28,2,1,2,NA,NA,NA,NA,NA,NA,NA,NA,NA,NA,NA,
1005,c.144C>A,p.(Asn48Lys),N48K,39,Female,16,-3.169494757,0.896539118,Benign Neoplasm of Skin|Cafe-au-Lait Spots|Fibroma|Macrocephaly|Neoplasms in Vascular Tissue|Oral Mucosa Papilloma|Skin Papilloma|Thyroid Nodule|Trichilemmoma,PHTS,FALSE,TRUE,39,59.5,54.55,1.33,3.721804511,25.7,2,0,3,NA,NA,NA,NA,NA,NA,NA,NA,NA,NA,NA,
1019,c.287C>G,p.(Pro96Arg),P96R,27,Female,44,-3.332149745,0.337776159,"Adenomatous Polyps|Breast Fibrocystic Disease|CNS Hemangioma|Fibroadenoma of Breast|Fundic Gland Polyp|Goiter|Hamartomatous Polyp|Intraductal Papilloma of Breast|""Leukodystrophy, Dysmyelinating""|Lipoma|Macrocephaly|Oral Mucosa Papilloma|Polyp Hyperplastic Benign|Skin Papilloma|Trichilemmoma",PHTS,FALSE,TRUE,30,60,54.55,1.33,4.097744361,26.7,2,1,2,NA,NA,NA,NA,NA,NA,NA,NA,NA,NA,NA,
1170,c.69A>C,p.(Leu23Phe),L23F,6,Male,NA,-1.522827148,0.804682061,Generalized Overgrowth|Global Developmental Delay|Lipoma|Macrocephaly|Mental Retardation,ASD/DD & PHTS,TRUE,TRUE,8,59.5,52.86,1.39,4.776978417,25.5,1,0,3,NA,NA,NA,NA,NA,NA,NA,NA,NA,NA,NA,
1178,c.406T>C,p.(Cys136Arg),C136R,4,Male,NA,-4.785818379,0.167416316,"Autism Spectrum Disorder|Cafe-au-Lait Spots|Global Developmental Delay|Hemangioma of Skin|""Leukodystrophy, Dysmyelinating""|Lipoma|Macrocephaly|Megalencephaly",ASD/DD & PHTS,TRUE,TRUE,4,57.3,51.23,1.4,4.335714286,27.8,2,2,2,NA,NA,NA,NA,NA,NA,NA,NA,NA,NA,NA,
1216,c.389G>A,p.(Arg130Gln),R130Q,39,Female,37,-2.04016411,0.842302663,Acral Keratoses|Atypical Ductal Breast Hyperplasia|Atypical Lobular Breast Hyperplasia|Benign Neurologic Neoplasms|Breast Fibrocystic Disease|Breast Hamartoma|Ductal Breast Carcinoma|Dysmorphic Features|Fibroadenoma of Breast|Gastrointestinal Polyp|Goiter|Intraductal Papilloma of Breast|Lobular Carcinoma In Situ of Breast|Macrocephaly|Noninfiltrating Intraductal Carcinoma|Oral Mucosa Papilloma|Ovarian Cysts|Ovarian Germ Cell Tumor|Skin Papilloma|Thyroid Nodule|Trichilemmoma|Uterine Fibroids,PHTS,FALSE,TRUE,41,60.5,54.55,1.33,4.473684211,31,1,0,3,NA,29,NA,NA,NA,NA,NA,NA,NA,NA,NA,29
1255,c.370T>C,p.(Cys124Arg),C124R,4,Male,NA,-3.805683156,0.280032696,"Leukodystrophy, Dysmyelinating|Lipoma|Macrocephaly|Megalencephaly|Mental Retardation",ASD/DD & PHTS,TRUE,TRUE,4,58.7,51.23,1.4,5.335714286,27.8,2,2,2,NA,NA,NA,NA,NA,NA,NA,NA,NA,NA,NA,
1343,c.203A>G,p.(Tyr68Cys),Y68C,59,Female,10,-2.732346495,0.069515623,Ductal Breast Carcinoma|Goiter|Lipoma|Noninfiltrating Intraductal Carcinoma|Papillary and Follicular Adenocarcinoma,PHTS,FALSE,TRUE,,,,,,28.7,2,2,2,46,57,NA,NA,NA,NA,NA,NA,NA,NA,NA,46
1432,c.388C>G,p.(Arg130Gly),R130G,42,Female,16,-2.13842062,1.085197917,Acral Keratoses|Breast Fibrocystic Disease|Ductal Breast Carcinoma|Goiter|Hashimoto Disease|Intraductal Papilloma of Breast|Lipoma|Macrocephaly|Noninfiltrating Intraductal Carcinoma|Papilloma|Skin Tag|Thyroid Gland Follicular Adenoma|Uterine Fibroids,PHTS,FALSE,TRUE,43,58.5,54.55,1.33,2.969924812,27.6,1,0,3,NA,44,44,NA,NA,NA,NA,NA,NA,NA,NA,44
1475,c.202T>C,p.(Tyr68His),Y68H,18,Male,13,-3.363412755,0.39861536,"Cafe-au-Lait Spots|Dysmorphic Features|Global Developmental Delay|Hypopigmentation|""Leukodystrophy, Dysmyelinating""|Macrocephaly|Mental Retardation|Tan Macules on Glans Penis and Penile Shaft",ASD/DD & PHTS,TRUE,TRUE,2,54,49.2,1.36,3.529411765,28.2,2,1,2,NA,NA,NA,NA,NA,NA,NA,NA,NA,NA,NA,
1653,c.493G>C,p.(Gly165Arg),G165R,54,Male,20,-4.228052892,0.39321216,Goiter|Lhermitte-Duclos Disease|Macrocephaly,PHTS,FALSE,TRUE,,,,,,33,2,1,2,NA,NA,NA,NA,NA,NA,NA,NA,NA,NA,NA,
1654,c.407G>A,p.(Cys136Tyr),C136Y,14,Female,NA,-2.444459068,0.377846804,Hashimoto Disease|Macrocephaly|Thyroid Nodule,PHTS,FALSE,TRUE,,,,,,28.1,2,1,2,NA,NA,NA,NA,NA,NA,NA,NA,NA,NA,NA,
1655,c.407G>A,p.(Cys136Tyr),C136Y,43,Female,37,-2.444459068,0.377846804,Adenomatous Polyps|Benign Neoplasm of Lung|Benign Neoplasm of Skin|Breast Fibrocystic Disease|Colon Ganglioneuroma|Goiter|Macrocephaly|Oral Mucosa Papilloma|Skin Papilloma|Uterine Fibroids,PHTS,FALSE,TRUE,,62,,,,28.1,2,1,2,NA,NA,NA,NA,NA,NA,NA,NA,NA,NA,NA,
1846,c.359C>A,p.(Ala120Glu),A120E,53,Male,23,-2.093856912,-0.075192482,Adenomatous Polyps|Anemia|Benign Neurologic Neoplasms|Gastroesophageal Reflux Disease|Hamartomatous Polyp|Hemangioma of Skin|Inflammatory Polyp|Lipoma|Macrocephaly|Malignant Neoplasm of Prostate|Polyp Hyperplastic Benign,PHTS,FALSE,TRUE,73,60.25,56.74,1.77,1.983050847,27.2,1,2,2,NA,NA,NA,NA,NA,NA,NA,NA,NA,NA,NA,
1910,c.127G>A,p.(Glu43Lys),E43K,4,Male,NA,-1.02235878,0.944764952,Dysmorphic Features|Global Developmental Delay|Macrocephaly,ASD/DD,TRUE,FALSE,4,56.75,51.23,1.4,3.942857143,28.5,0,0,0,NA,NA,NA,NA,NA,NA,NA,NA,NA,NA,NA,
1932,c.1066A>G,p.(Asn356Asp),N356D,49,Female,9,0.413347079,0.976607148,Breast Fibrocystic Disease|Goiter|Intraductal Papilloma of Breast|Noninfiltrating Intraductal Carcinoma|Normal Head Size|Papillary and Follicular Adenocarcinoma|Thyroid Nodule,PHTS,FALSE,TRUE,48,56,54.55,1.33,1.090225564,22.9,0,0,0,38,NA,NA,NA,NA,NA,NA,NA,NA,NA,NA,38
2362,c.613A>G,p.(Met205Val),M205V,60,Female,12,-0.403492751,0.70137597,Benign Neoplasm of Skin|Cervix Carcinoma|Ductal Breast Carcinoma|Fibroadenoma of Breast|Hashimoto Disease|Macrocephaly|Noninfiltrating Intraductal Carcinoma|Pulmonary Nodule|Uterine Fibroids|Visceral hemangioma,PHTS,FALSE,TRUE,59,58,54.55,1.33,2.593984962,21.4,0,1,1,NA,54,NA,NA,NA,NA,NA,NA,NA,NA,NA,54
2956,c.671T>A,p.(Ile224Lys),I224K,47,Female,3,-0.185358582,0.707422335,Breast Carcinoma Invasive|Breast Fibrocystic Disease|Ovarian Cysts,PHTS,FALSE,TRUE,,,,,,27.7,0,1,1,NA,47,NA,NA,NA,NA,NA,NA,NA,NA,NA,47
2982,c.1061C>A,p.(Pro354Gln),P354Q,49,Female,4,0.091060946,1.196047953,Breast Carcinoma Invasive|Breast Fibrocystic Disease|Normal Head Size|Uterine Fibroids,PHTS,FALSE,TRUE,47,53.3,54.55,1.33,-0.939849624,23.2,0,0,0,NA,41,NA,NA,NA,NA,NA,NA,NA,NA,NA,41
3910,c.1033C>G,p.(Leu345Val),L345V,57,Female,17,-0.285257371,0.863356453,Acral Keratoses|Atypical Lobular Breast Hyperplasia|Basal Cell Carcinoma|Benign Neoplasm of Skin|Breast Fibrocystic Disease|Ductal Breast Carcinoma|Endometrial Polyp|Noninfiltrating Intraductal Carcinoma|Normal Head Size|Oral Mucosa Papilloma|Oral Mucosal Hyperpigmentation|Polyp Hyperplastic Benign|Skin Papilloma|Thyroid Nodule|Uterine Cancer|Uterine Fibroids,PHTS,FALSE,TRUE,49,57,54.55,1.33,1.842105263,21.4,0,0,0,NA,36,NA,NA,NA,NA,NA,NA,NA,41,NA,36
3918,c.406T>C,p.(Cys136Arg),C136R,37,Male,20,-4.785818379,0.167416316,Hemangioma of Skin|Macrocephaly|Multiple Esophageal Plaques|Polyp Hyperplastic Benign|Thyroid Gland Follicular Adenoma,PHTS,FALSE,TRUE,,,,,,27.8,2,2,2,NA,NA,NA,NA,NA,NA,NA,NA,NA,NA,NA,
3923,c.406T>C,p.(Cys136Arg),C136R,8,Male,NA,-4.785818379,0.167416316,Hemangioma of Skin|Macrocephaly,PHTS,FALSE,TRUE,,,,,,27.8,2,2,2,NA,NA,NA,NA,NA,NA,NA,NA,NA,NA,NA,
3944,c.182A>G,p.(His61Arg),H61R,48,Female,14,-3.614920533,0.191643755,Atypical Ductal Breast Hyperplasia|Breast Fibrocystic Disease|Cutaneous Neurofibroma|Ductal Breast Carcinoma|Fibroadenoma of Breast|Goiter|Intraductal Papilloma of Breast|Lipoma|Macrocephaly|Malignant Neoplasm of Large Intestine|Noninfiltrating Intraductal Carcinoma|Noninfiltrating Intraductal Carcinoma|Skin Tag,PHTS,FALSE,TRUE,,,,,,25.9,2,2,2,NA,48,NA,NA,47,NA,NA,NA,NA,NA,NA,47
4346,c.67T>G,p.(Leu23Val),L23V,35,Male,,-2.190944573,0.693521502,Macrocephaly,NA,FALSE,FALSE,34,63.5,56.74,1.77,3.81920904,26.1,2,1,2,NA,NA,NA,NA,NA,NA,NA,NA,NA,NA,NA,
4395,c.517C>T,p.(Arg173Cys),R173C,63,Female,15,-1.261173013,0.551583826,Breast Disease Benign|Endometrial Polyp|Hemangioma of Skin|Macrocephaly|Malignant Neoplasm of Ovary|Malignant Neoplasm of Skin|Polyp Hyperplastic Benign|Skin Tag|Thyroid Nodule|Uterine Fibroids,PHTS,FALSE,TRUE,63,60.5,54.55,1.33,4.473684211,33,1,1,2,NA,NA,NA,NA,NA,NA,NA,NA,NA,NA,NA,NA
4440,c.67T>G,p.(Leu23Val),L23V,4,Male,NA,-2.190944573,0.693521502,Autism Spectrum Disorder|Global Developmental Delay|Macrocephaly,ASD/DD,TRUE,FALSE,4,61.5,51.23,1.4,7.335714286,26.1,2,1,2,NA,NA,NA,NA,NA,NA,NA,NA,NA,NA,NA,
4441,c.67T>G,p.(Leu23Val),L23V,5,Male,NA,-2.190944573,0.693521502,Autism Spectrum Disorder|Global Developmental Delay|Macrocephaly,ASD/DD,TRUE,FALSE,5,58.25,51.78,1.46,4.431506849,26.1,2,1,2,NA,NA,NA,NA,NA,NA,NA,NA,NA,NA,NA,
5176,c.476G>C,p.(Arg159Thr),R159T,41,Female,23,-4.18360565,0.894680455,Acral Keratoses|Benign Neoplasm of Skin|Breast Fibrocystic Disease|Ductal Breast Hyperplasia|Dysmorphic Features|Endometrial Polyp|Fibroadenoma of Breast|Goiter|Hashimoto Disease|Hemangioma of Skin|Intraductal Papilloma of Breast|Macrocephaly|Noninfiltrating Intraductal Carcinoma|Oral Mucosa Papilloma|Ovarian Cysts|Polyp Hyperplastic Benign|Uterine Fibroids,PHTS,FALSE,TRUE,40,61,54.55,1.33,4.84962406,27.7,2,0,3,NA,NA,NA,NA,NA,NA,NA,NA,NA,NA,NA,
5428,c.401T>C,p.(Met134Thr),M134T,27,Female,10,-1.474679661,0.375403601,Macrocephaly,NA,FALSE,FALSE,27,62.5,54.55,1.33,5.977443609,25.8,1,1,2,NA,NA,NA,NA,NA,NA,NA,NA,NA,NA,NA,
5482,c.277C>T,p.(His93Tyr),H93Y,57,Female,14,-2.460059762,0.871837142,Acral Keratoses|Macrocephaly|Malignant Neoplasm of Breast|Neoplasms in Vascular Tissue|Papilloma|Squamous Cell Carcinoma of Skin|Uterine Cancer,PHTS,FALSE,TRUE,57,60,54.55,1.33,4.097744361,26.1,2,0,3,NA,48,51,NA,NA,NA,NA,NA,NA,51,NA,48
5698,c.376G>C,p.(Ala126Pro),A126P,35,Male,33,-2.314319604,0.924770344,Gastrointestinal Polyp|Goiter|Hamartomatous Polyp|Lipoma|Macrocephaly|Polyp Hyperplastic Benign|Skin Tag|Tan Macules on Glans Penis and Penile Shaft,PHTS,FALSE,TRUE,35,62,56.74,1.77,2.971751412,27.8,2,0,3,NA,NA,NA,NA,NA,NA,NA,NA,NA,NA,NA,
5737,c.76A>C,p.(Thr26Pro),T26P,19,Female,25,-2.10293333,0.130510336,Goiter|Lhermitte-Duclos Disease|Macrocephaly|Skin Tag|Variable Delay,ASD/DD & PHTS,TRUE,TRUE,19,64.7,54.55,1.33,7.631578947,24.5,1,2,2,NA,NA,NA,NA,NA,NA,NA,NA,NA,NA,NA,
5808,c.1061C>A,p.(Pro354Gln),P354Q,56,Female,1,0.091060946,1.196047953,Breast Fibrocystic Disease|Epilepsy|Malignant Neoplasm of Brain|Ovarian Endometrioid Adenocarcinoma,PHTS,FALSE,TRUE,,,,,,23.2,0,0,0,NA,NA,NA,NA,NA,NA,NA,NA,NA,NA,NA,
5899,c.542T>C,p.(Leu181Pro),L181P,52,Male,30,-3.166683355,0.226246153,Adenomatous Polyps|Colon Ganglioneuroma|Fundic Gland Polyp|Inflammatory Polyp|Lipoma|Macrocephaly|Multiple Esophageal Plaques|Papilloma|Polyp Hyperplastic Benign,PHTS,FALSE,TRUE,52,62.5,56.74,1.77,3.254237288,28.4,2,2,2,NA,NA,NA,NA,NA,NA,NA,NA,NA,NA,NA,
5900,c.181C>T,p.(His61Tyr),H61Y,8,Female,NA,-0.583021653,0.799641188,Macrocephaly|Variable Delay,ASD/DD,TRUE,FALSE,8,62,52,1.41,7.092198582,29.2,0,0,0,NA,NA,NA,NA,NA,NA,NA,NA,NA,NA,NA,
5901,c.181C>T,p.(His61Tyr),H61Y,37,Female,6,-0.583021653,0.799641188,Congenital Genitourinary Tract Anomalies Nec|Macrocephaly|Trichilemmoma,PHTS,FALSE,TRUE,,,,,,29.2,0,0,0,NA,NA,NA,NA,NA,NA,NA,NA,NA,NA,NA,
6453,c.331T>C,p.(Trp111Arg),W111R,16,Male,NA,-4.104342596,0.09022859,Epilepsy|Learning Disabilities|Macrocephaly|Megalencephaly|Tan Macules on Glans Penis and Penile Shaft,PHTS,FALSE,TRUE,17,59,56.38,1.56,1.679487179,27.6,2,2,2,NA,NA,NA,NA,NA,NA,NA,NA,NA,NA,NA,
6468,c.389G>A,p.(Arg130Gln),R130Q,41,Female,5,-2.04016411,0.842302663,"Benign Neoplasm of Thyroid Gland|""Hamartoma Syndrome, Multiple""|Uterine Fibroids",PHTS,FALSE,TRUE,,,,,,31,1,0,3,NA,NA,NA,NA,NA,NA,NA,NA,NA,NA,NA,
6481,c.389G>A,p.(Arg130Gln),R130Q,47,Female,15,-2.04016411,0.842302663,Benign Neoplasm of Thyroid Gland|Macrocephaly|Malignant Neoplasm of Esophagus|Skin Tag|Uterine Fibroids,PHTS,FALSE,TRUE,47,60.5,54.55,1.33,4.473684211,31,1,0,3,NA,NA,NA,NA,NA,NA,NA,NA,46,NA,NA,46
6483,c.389G>A,p.(Arg130Gln),R130Q,46,Female,43,-2.04016411,0.842302663,Acral Keratoses|Adenomatous Polyps|Atypical Ductal Breast Hyperplasia|Breast Disease Benign|Breast Fibrocystic Disease|Colon Ganglioneuroma|Ductal Breast Carcinoma|Fibroadenoma of Breast|Fundic Gland Polyp|Goiter|Hamartomatous Polyp|Inflammatory Polyp|Lobular Breast Carcinoma Invasive|Lobular Carcinoma In Situ of Breast|Macrocephaly|Multiple Esophageal Plaques|Noninfiltrating Intraductal Carcinoma|Polyp Hyperplastic Benign|Uterine Fibroids,PHTS,FALSE,TRUE,47,59.5,54.55,1.33,3.721804511,31,1,0,3,NA,37,NA,NA,NA,NA,NA,NA,NA,NA,NA,37
6720,c.302T>C,p.(Ile101Thr),I101T,3,Female,NA,-3.108621337,0.426367748,"Autism Spectrum Disorder|Dysmorphic Features|Generalized Overgrowth|Global Developmental Delay|Hemangioma of Skin|""Hemihyperplasia, Isolated""|Macrocephaly",ASD/DD & PHTS,TRUE,TRUE,3,54.6,49.4,1.25,4.16,26.3,2,1,2,NA,NA,NA,NA,NA,NA,NA,NA,NA,NA,NA,
6739,c.235G>A,p.(Ala79Thr),A79T,47,Female,15,0.216137223,0.998153851,Breast Fibrocystic Disease|Ductal Breast Carcinoma|Hashimoto Disease|Lipoma|Noninfiltrating Intraductal Carcinoma|Normal Head Size|Oral Mucosa Papilloma|Thyroid Gland Follicular Adenoma|Uterine Fibroids,PHTS,FALSE,TRUE,49,56.9,54.55,1.33,1.766917293,22.4,0,0,0,NA,47,NA,NA,NA,NA,NA,NA,NA,NA,NA,47
6791,c.737C>T,p.(Pro246Leu),P246L,2,Male,NA,-1.62165261,0.267038157,Cafe-au-Lait Spots|Dysmorphic Features|Global Developmental Delay|Macrocephaly|Oral Mucosa Papilloma|Skin Papilloma,ASD/DD & PHTS,TRUE,TRUE,2,56,49.2,1.36,5,23.5,1,2,2,NA,NA,NA,NA,NA,NA,NA,NA,NA,NA,NA,
6967,c.382A>G,p.(Lys128Glu),K128E,23,Male,28,-2.736505004,0.943018062,Arteriovenous Malformation|Global Developmental Delay|Goiter|Lipoma|Macrocephaly|Oral Mucosa Papilloma|Polyp Hyperplastic Benign|Skin Papilloma|Skin Tag,ASD/DD & PHTS,TRUE,TRUE,23,65.5,56.74,1.77,4.949152542,27.3,2,0,3,NA,NA,NA,NA,NA,NA,NA,NA,NA,NA,NA,
6972,c.486C>G,p.(Asp162Glu),D162E,4,Male,NA,-0.998532169,0.86712864,Cafe-au-Lait Spots|Dysmorphic Features|Global Developmental Delay|Macrocephaly,ASD/DD,TRUE,FALSE,3,56.2,50.52,1.37,4.145985401,23,0,0,0,NA,NA,NA,NA,NA,NA,NA,NA,NA,NA,NA,
7065,c.75G>T,p.(Leu25Phe),L25F,8,Male,NA,-1.089497053,0.689934967,Autism Spectrum Disorder|Cafe-au-Lait Spots|Congenital Genitourinary Tract Anomalies Nec|Generalized Overgrowth|Global Developmental Delay|Hypopigmentation|Macrocephaly|Megalencephaly|Splenomegaly,ASD/DD & PHTS,TRUE,TRUE,8,63.5,52.86,1.39,7.654676259,26.2,0,1,1,NA,NA,NA,NA,NA,NA,NA,NA,NA,NA,NA,
7082,c.71A>G,p.(Asp24Gly),D24G,56,Female,22,-3.206744043,0.874868539,Benign Neoplasm of Parotid Gland|Breast Fibrocystic Disease|Ductal Breast Carcinoma|Endometrial Endometrioid Adenocarcinoma|Fibroma|Goiter|Leukemia|Lipoma|Macrocephaly|Noninfiltrating Intraductal Carcinoma|Oral Mucosa Papilloma|Skin Papilloma|Skin Tag|Uterine Fibroids,PHTS,FALSE,TRUE,56,59,54.55,1.33,3.345864662,25.4,2,0,3,NA,49,NA,NA,NA,NA,NA,NA,NA,56,NA,49
7088,c.475A>G,p.(Arg159Gly),R159G,44,Female,17,-4.311654205,0.923288946,Acral Keratoses|Fibroadenoma of Breast|Intraductal Papilloma of Breast|Macrocephaly|Noninfiltrating Intraductal Carcinoma|Oral Mucosa Papilloma|Skin Tag,PHTS,FALSE,TRUE,44,60.2,54.55,1.33,4.248120301,27.4,2,0,3,NA,NA,NA,NA,NA,NA,NA,NA,NA,NA,NA,
7155,c.70G>C,p.(Asp24His),D24H,64,Female,31,-3.308923196,0.687577027,Atypical Ductal Breast Hyperplasia|Benign Neoplasm of Skin|Benign Neurologic Neoplasms|Breast Carcinoma Invasive|Breast Fibrocystic Disease|Ductal Breast Carcinoma|Ductal Breast Hyperplasia|Endometrial Endometrioid Adenocarcinoma|Fibroma|Goiter|Macrocephaly|Neoplasms in Vascular Tissue|Noninfiltrating Intraductal Carcinoma|Oral Mucosa Papilloma|Papillary Renal Cell Carcinoma|Pulmonary Nodule|Uterine Fibroids,PHTS,FALSE,TRUE,64,62.5,54.55,1.33,5.977443609,29.8,2,1,2,NA,46,66,NA,NA,NA,NA,NA,NA,49,58,46
7274,c.389G>A,p.(Arg130Gln),R130Q,72,Female,18,-2.04016411,0.842302663,Breast Carcinoma Invasive|Cervix Carcinoma|Ductal Breast Carcinoma|Gastrointestinal Polyp|Macrocephaly|Skin Papilloma|Thyroid Nodule|Trichilemmoma,PHTS,FALSE,TRUE,72,59.1,54.55,1.33,3.421052632,31,1,0,3,NA,47,71,NA,NA,NA,NA,NA,NA,NA,NA,47
7292,c.509G>T,p.(Ser170Ile),S170I,21,Female,45,-3.289855217,0.559024097,Autism Spectrum Disorder|Benign Neoplasm of Skin|Benign Neoplasm of Thyroid Gland|Benign Neurologic Neoplasms|Benign Neurologic Neoplasms|Endometrial Endometrioid Adenocarcinoma|Epilepsy|Gastrointestinal Polyp|Goiter|Hashimoto Disease|Hyperpigmentation|Juvenile Polyp|Learning Disabilities|Macrocephaly|Ovarian Cysts|Ovarian Neoplasm|Papillary Thyroid Carcinoma|Skin Tag|Thyroid Hurthle Cell Carcinoma,ASD/DD & PHTS,TRUE,TRUE,21,65,54.55,1.33,7.857142857,32,2,1,2,17,NA,NA,NA,NA,NA,NA,NA,NA,21,NA,17
7320,c.562T>C,p.(Tyr188His),Y188H,4,Male,NA,-0.464775231,0.185608992,Autism Spectrum Disorder|Dysmorphic Features|Macrocephaly,ASD/DD,TRUE,FALSE,3,56.5,50.52,1.37,4.364963504,28.6,0,2,1,NA,NA,NA,NA,NA,NA,NA,NA,NA,NA,NA,
7322,c.562T>C,p.(Tyr188His),Y188H,30,Female,10,-0.464775231,0.185608992,Macrocephaly,NA,FALSE,FALSE,30,60.25,54.55,1.33,4.285714286,28.6,0,2,1,NA,NA,NA,NA,NA,NA,NA,NA,NA,NA,NA,
7374,c.157G>A,p.(Val53Ile),V53I,74,Female,15,-0.850215056,0.797497418,Breast Fibrocystic Disease|Ductal Breast Carcinoma|Intraductal Papilloma of Breast|Macrocephaly|Malignant Neoplasm of Skin|Pulmonary Nodule,PHTS,FALSE,TRUE,74,61,54.55,1.33,4.84962406,24.5,0,0,0,NA,39,NA,NA,NA,NA,NA,NA,NA,NA,NA,39
7385,c.761A>C,p.(Lys254Thr),K254T,35,Female,31,-0.065475659,0.28242627,Benign Ovarian Neoplasm|Fundic Gland Polyp|Global Developmental Delay|Hashimoto Disease|Macrocephaly|Ovarian Neoplasm|Papillary Thyroid Carcinoma|Thyroid Nodule,ASD/DD & PHTS,TRUE,TRUE,33,60,54.55,1.33,4.097744361,27.5,0,2,1,9,NA,NA,NA,NA,NA,NA,NA,NA,NA,NA,9
7421,c.464A>G,p.(Tyr155Cys),Y155C,66,Female,12,-2.26881194,0.532675402,Breast Fibrocystic Disease|Colon Lipoma|Fibroadenoma of Breast|Gastroesophageal Reflux Disease|Lipoma|Macrocephaly|Skin Tag,PHTS,FALSE,TRUE,66,61,54.55,1.33,4.84962406,27.8,2,1,2,NA,NA,NA,NA,NA,NA,NA,NA,NA,NA,NA,
7441,c.761A>C,p.(Lys254Thr),K254T,59,Female,17,-0.065475659,0.28242627,Breast Fibrocystic Disease|CNS Hemangioma|Endometrial Polyp|Lipoma|Macrocephaly|Malignant Neoplasm of Thyroid|Polyp Hyperplastic Benign|Skin Tag|Thyroid Nodule|Uterine Fibroids,PHTS,FALSE,TRUE,58,59,54.55,1.33,3.345864662,27.5,0,2,1,27,NA,NA,NA,NA,NA,NA,NA,NA,NA,NA,27
7855,c.386G>A,p.(Gly129Glu),G129E,62,Female,22,-3.201419045,0.755334938,"Adenomatous Polyps|Arteriovenous Malformation|Atypical Ductal Breast Hyperplasia|Breast Fibrocystic Disease|Colon Lipoma|Glycogenic Acanthosis|Goiter|""Hamartoma Syndrome, Multiple""|Macrocephaly|Polyp Hyperplastic Benign|Skin Tag",PHTS,FALSE,TRUE,62,61.5,54.55,1.33,5.22556391,27.8,2,0,3,NA,NA,NA,NA,NA,NA,NA,NA,NA,NA,NA,
7903,c.401T>G,p.(Met134Arg),M134R,46,Female,41,-3.797569367,0.308214566,Acral Keratoses|Adenomatous Polyps|Atypical Ductal Breast Hyperplasia|Benign Neoplasm of Skin|Breast Fibrocystic Disease|Congenital Genitourinary Tract Anomalies Nec|Ductal Breast Carcinoma|Ductal Breast Hyperplasia|Endometrial Polyp|Fibroma|Gastrointestinal Polyp|Goiter|Hemangioma of Skin|Intraductal Papilloma of Breast|Lobular Carcinoma In Situ of Breast|Macrocephaly|Neoplasms in Vascular Tissue|Noninfiltrating Intraductal Carcinoma|Oral Mucosa Papilloma|Papillary and Follicular Adenocarcinoma|Polyp Hyperplastic Benign|Skin Papilloma|Trichilemmoma|Uterine Fibroids,PHTS,FALSE,TRUE,45,59.4,54.55,1.33,3.646616541,26.9,2,1,2,46,43,NA,NA,NA,NA,NA,NA,NA,NA,NA,43
7995,c.384G>C,p.(Lys128Asn),K128N,35,Male,0,-1.417249179,0.932605663,Colon Ganglioneuroma|Hamartomatous Polyp|Malignant Neoplasm of Large Intestine,PHTS,FALSE,TRUE,,,,,,26,1,0,3,NA,NA,NA,NA,35,NA,NA,NA,NA,NA,NA,35
8003,c.517C>T,p.(Arg173Cys),R173C,29,Female,10,-1.261173013,0.551583826,Endometrial Polyp|Hyperpigmentation|Macrocephaly|Ovarian Cysts|Skin Tag,PHTS,FALSE,TRUE,28,63,54.55,1.33,6.353383459,33,1,1,2,NA,NA,NA,NA,NA,NA,NA,NA,NA,NA,NA,
8008,c.323T>C,p.(Leu108Pro),L108P,51,Female,29,-2.942039624,0.128543874,Colon Ganglioneuroma|Dermal Fibroma|Ductal Breast Carcinoma|Endometrial Endometrioid Adenocarcinoma|Goiter|Inflammatory Polyp|Noninfiltrating Intraductal Carcinoma|Normal Head Size|Polyp Hyperplastic Benign|Skin Tag|Uterine Fibroids,PHTS,FALSE,TRUE,,56,,,,28,2,2,2,NA,49,NA,NA,NA,NA,NA,NA,NA,49,NA,49
8038,c.35A>T,p.(Asn12Ile),N12I,42,Female,10,-1.592656945,0.298716908,Colon Lipoma|Hyperpigmentation|Inflammatory Polyp|Macrocephaly|Oral Mucosal Hyperpigmentation|Polyp Hyperplastic Benign,PHTS,FALSE,TRUE,41,62,54.55,1.33,5.601503759,24.5,1,1,2,NA,NA,NA,NA,NA,NA,NA,NA,NA,NA,NA,
8099,c.517C>T,p.(Arg173Cys),R173C,15,Male,NA,-1.261173013,0.551583826,Autism Spectrum Disorder|Global Developmental Delay|Macrocephaly|Tan Macules on Glans Penis and Penile Shaft,ASD/DD,TRUE,FALSE,14,63.4,54.99,1.6,5.25625,33,1,1,2,NA,NA,NA,NA,NA,NA,NA,NA,NA,NA,NA,
8141,c.208C>G,P.(Leu70Val),L70V,13,Male,NA,0.156968253,0.762001847,Autism Spectrum Disorder|Epilepsy|Global Developmental Delay|Hashimoto Disease|Lipoma|Macrocephaly|Oral Mucosa Papilloma,ASD/DD & PHTS,TRUE,TRUE,13,60.5,54.43,1.56,3.891025641,32,0,0,0,NA,NA,NA,NA,NA,NA,NA,NA,NA,NA,NA,
8280,c.417A>C,p.(Leu139Phe),L139F,7,Male,NA,-0.432620969,0.546202203,Autism Spectrum Disorder|Cafe-au-Lait Spots|Dysmorphic Features|Global Developmental Delay|Macrocephaly,ASD/DD,TRUE,FALSE,6,58.5,52.22,1.45,4.331034483,24,0,1,1,NA,NA,NA,NA,NA,NA,NA,NA,NA,NA,NA,
8328,c.3G>T,p.(Met1Ile),M1I,12,Male,NA,-0.322486912,1.001876718,Autism Spectrum Disorder|Epilepsy|Macrocephaly|Oral Mucosa Papilloma,ASD/DD & PHTS,TRUE,TRUE,12,60.5,54.11,1.45,4.406896552,26.6,0,0,0,NA,NA,NA,NA,NA,NA,NA,NA,NA,NA,NA,
8329,c.3G>T,p.(Met1Ile),M1I,11,Male,NA,-0.322486912,1.001876718,Autism Spectrum Disorder|Cafe-au-Lait Spots|Epilepsy|Macrocephaly|Oral Mucosa Papilloma|Tan Macules on Glans Penis and Penile Shaft,ASD/DD & PHTS,TRUE,TRUE,11,59.8,53.93,1.54,3.811688312,26.6,0,0,0,NA,NA,NA,NA,NA,NA,NA,NA,NA,NA,NA,
8330,c.3G>T,p.(Met1Ile),M1I,3,Female,NA,-0.322486912,1.001876718,Cafe-au-Lait Spots|Macrocephaly,NA,FALSE,FALSE,3,54.5,49.4,1.25,4.08,26.6,0,0,0,NA,NA,NA,NA,NA,NA,NA,NA,NA,NA,NA,
8332,c.3G>T,p.(Met1Ile),M1I,36,Female,10,-0.322486912,1.001876718,Macrocephaly,NA,FALSE,FALSE,36,61,54.55,1.33,4.84962406,26.6,0,0,0,NA,NA,NA,NA,NA,NA,NA,NA,NA,NA,NA,
8456,c.263A>G,p.(Tyr88Cys),Y88C,3,Male,NA,-1.228158575,0.537302116,Macrocephaly|Variable Delay,ASD/DD,TRUE,FALSE,2,57.6,49.2,1.36,6.176470588,27.6,1,1,2,NA,NA,NA,NA,NA,NA,NA,NA,NA,NA,NA,
8967,c.49C>G,p.(Gln17Glu),Q17E,5,Male,NA,-0.546792281,0.817698897,Autism Spectrum Disorder|Cafe-au-Lait Spots|Dysmorphic Features|Global Developmental Delay|Macrocephaly,ASD/DD,TRUE,FALSE,4,56.5,51.23,1.4,3.764285714,22.7,0,0,0,NA,NA,NA,NA,NA,NA,NA,NA,NA,NA,NA,
9017,c.424C>T,p.(Arg142Trp),R142W,7,Female,NA,0.454450344,0.418744252,Epilepsy|Macrocephaly|Variable Delay,ASD/DD,TRUE,FALSE,7,56,51.58,1.42,3.112676056,33,0,1,1,NA,NA,NA,NA,NA,NA,NA,NA,NA,NA,NA,
9020,c.424C>T,p.(Arg142Trp),R142W,36,Female,0,0.454450344,0.418744252,Benign Neurologic Neoplasms|Breast Disease Benign|Learning Disabilities|Normal Head Size,PHTS,FALSE,TRUE,36,55.5,54.55,1.33,0.714285714,33,0,1,1,NA,NA,NA,NA,NA,NA,NA,NA,NA,NA,NA,
9146,c.202T>A,p.(Tyr68Asn),Y68N,11,Female,NA,-4.920080583,0.107193178,Acral Keratoses|Cafe-au-Lait Spots|Epilepsy|Gastrointestinal Polyp|Hamartomatous Polyp|Lipoma|Macrocephaly|Oral Mucosa Papilloma,PHTS,FALSE,TRUE,11,61,53.05,1.47,5.408163265,28.4,2,2,2,NA,NA,NA,NA,NA,NA,NA,NA,NA,NA,NA,
9185,c.755A>T,p.(Asp252Val),D252V,14,Female,NA,-3.812734264,0.330856866,Arteriovenous Malformation|Autism Spectrum Disorder|Dysmorphic Features|Global Developmental Delay|Hashimoto Disease|Macrocephaly|Thyroid Nodule,ASD/DD & PHTS,TRUE,TRUE,13,62,53.96,1.49,5.395973154,28,2,1,2,NA,NA,NA,NA,NA,NA,NA,NA,NA,NA,NA,
9242,c.517C>T,p.(Arg173Cys),R173C,59,Female,14,-1.261173013,0.551583826,Atypical Ductal Breast Hyperplasia|Benign Ovarian Neoplasm|Breast Fibrocystic Disease|Ductal Breast Carcinoma|Fibroadenoma of Breast|Follicular Thyroid Carcinoma|Gastrointestinal Polyp|Goiter|Macrocephaly|Noninfiltrating Intraductal Carcinoma|Ovarian Cysts|Uterine Fibroids|Visceral hemangioma,PHTS,FALSE,TRUE,,59,,,,33,1,1,2,58,54,54,NA,NA,NA,NA,NA,NA,NA,NA,54
9340,c.115G>A,p.(Ala39Thr),A39T,6,Male,NA,-1.138449621,0.808397656,"Autism Spectrum Disorder|Global Developmental Delay|""Hemihyperplasia, Isolated""|Macrocephaly|Skin Tag",ASD/DD & PHTS,TRUE,TRUE,6,57.5,52.22,1.45,3.64137931,27,1,0,3,NA,NA,NA,NA,NA,NA,NA,NA,NA,NA,NA,
9371,c.407G>A,p.(Cys136Tyr),C136Y,32,Male,20,-2.444459068,0.377846804,Goiter|Lhermitte-Duclos Disease|Macrocephaly,PHTS,FALSE,TRUE,31,62,56.74,1.77,2.971751412,28.1,2,1,2,NA,NA,NA,NA,NA,NA,NA,NA,NA,NA,NA,
9382,c.209T>C,p.(Leu70Pro),L70P,19,Female,25,-4.265500945,0.381883346,Follicular Thyroid Carcinoma|Goiter|Hashimoto Disease|Lipoma|Macrocephaly|Thyroid Gland Follicular Adenoma,PHTS,FALSE,TRUE,19,61,54.55,1.33,4.84962406,34,2,1,2,19,NA,NA,NA,NA,NA,NA,NA,NA,NA,NA,19
9387,c.761A>C,p.(Lys254Thr),K254T,34,Female,16,-0.065475659,0.28242627,Acral Keratoses|Benign Neoplasm of Skin|Ductal Breast Hyperplasia|Goiter|Lipoma|Macrocephaly|Ovarian Cysts|Skin Tag,PHTS,FALSE,TRUE,34,60,54.55,1.33,4.097744361,27.5,0,2,1,NA,NA,NA,NA,NA,NA,NA,NA,NA,NA,NA,
9391,c.658C>G,p.(Leu220Val),L220V,4,Female,NA,0.144250401,0.891234369,Dysmorphic Features|Generalized Overgrowth|Hyperpigmentation|Macrocephaly,PHTS,FALSE,TRUE,3,54,49.4,1.25,3.68,22.2,0,0,0,NA,NA,NA,NA,NA,NA,NA,NA,NA,NA,NA,
9465,c.106G>A,p.(Gly36Arg),G36R,6,Female,NA,-2.69296249,0.670366064,Arteriovenous Malformation|Benign Neoplasm of Skin|Cafe-au-Lait Spots|Gastrointestinal Polyp|Inflammatory Polyp|Lipoma|Macrocephaly|Oral Mucosa Papilloma|Skin Tag|Thyroid Nodule,PHTS,FALSE,TRUE,6,56.8,51.16,1.34,4.208955224,27.7,2,1,2,NA,NA,NA,NA,NA,NA,NA,NA,NA,NA,NA,
9513,c.46T>C,p.(Tyr16His),Y16H,70,Female,14,0.34095,0.948291085,Atypical Lobular Breast Hyperplasia|Breast Fibrocystic Disease|Ductal Breast Carcinoma|Ductal Breast Hyperplasia|Endometrial Endometrioid Adenocarcinoma|Fibroadenoma of Breast|Intraductal Papilloma of Breast|Macrocephaly|Thyroid Nodule|Uterine Fibroids,PHTS,FALSE,TRUE,70,59,54.55,1.33,3.345864662,23.4,0,0,0,NA,65,NA,NA,NA,NA,NA,NA,NA,69,NA,65
9656,c.194A>G,p.(Tyr65Cys),Y65C,5,Male,NA,0.178005674,0.818920664,"Leukodystrophy, Dysmyelinating|Macrocephaly|Variable Delay",ASD/DD & PHTS,TRUE,TRUE,4,55.5,51.23,1.4,3.05,29.4,0,0,0,NA,NA,NA,NA,NA,NA,NA,NA,NA,NA,NA,
9702,c.365T>G,p.(Ile122Ser),I122S,10,Male,NA,-3.596347479,0.193858106,"Autism Spectrum Disorder|""Leukodystrophy, Dysmyelinating""|Macrocephaly|Variable Delay",ASD/DD & PHTS,TRUE,TRUE,9,61,53.19,1.43,5.461538462,27.9,2,2,2,NA,NA,NA,NA,NA,NA,NA,NA,NA,NA,NA,
9708,c.406T>C,p.(Cys136Arg),C136R,68,Female,69,-4.785818379,0.167416316,Acral Keratoses|Adenomatous Polyps|Angiolipoma|Arteriovenous Malformation|Benign Neoplasm of Skin|Breast Disease Benign|Breast Fibrocystic Disease|Fibroadenoma of Breast|Fibroma|Fundic Gland Polyp|Gastrointestinal Polyp|Glycogenic Acanthosis|Goiter|Hamartomatous Polyp|Hemangioma of Skin|Inflammatory Polyp|Intraductal Papilloma of Breast|Lipoma|Macrocephaly|Neoplasms in Vascular Tissue|Oral Mucosa Papilloma|Polyp Hyperplastic Benign|Skin Papilloma|Trichilemmoma|Uterine Cancer|Visceral hemangioma,PHTS,FALSE,TRUE,,60,,,,27.8,2,2,2,NA,NA,NA,NA,NA,NA,NA,NA,NA,25,NA,25
9807,c.464A>G,p.(Tyr155Cys),Y155C,53,Female,22,-2.26881194,0.532675402,Adenomatous Polyps|Atypical Ductal Breast Hyperplasia|Breast Fibrocystic Disease|Ductal Breast Hyperplasia|Fibroadenoma of Breast|Gastrointestinal Polyp|Goiter|Hashimoto Disease|Inflammatory Polyp|Intraductal Papilloma of Breast|Macrocephaly|Noninfiltrating Intraductal Carcinoma|Polyp Hyperplastic Benign|Uterine Fibroids,PHTS,FALSE,TRUE,,63.5,,,,27.8,2,1,2,NA,NA,NA,NA,NA,NA,NA,NA,NA,NA,NA,
9924,c.275A>C,p.(Asp92Ala),D92A,46,Female,36,-3.385801663,1.044526819,Adenomatous Polyps|Anemia|Benign Neoplasm of Skin|Breast Fibrocystic Disease|Ductal Breast Carcinoma|Endometrial Polyp|Gastroesophageal Reflux Disease|Goiter|Hemangioma of Skin|Inflammatory Polyp|Intraductal Papilloma of Breast|Lipoma|Macrocephaly|Noninfiltrating Intraductal Carcinoma|Oral Mucosa Papilloma|Polyp Hyperplastic Benign|Skin Tag|Thyroid Nodule,PHTS,FALSE,TRUE,45,62.3,54.55,1.33,5.827067669,27,2,0,3,NA,41,NA,NA,NA,NA,NA,NA,NA,NA,NA,41
9973,c.422A>G,p.(His141Arg),H141R,10,Male,NA,-1.141177111,0.55942055,"Epilepsy|Gastroesophageal Reflux Disease|Global Developmental Delay|""Leukodystrophy, Dysmyelinating""|Macrocephaly",ASD/DD & PHTS,TRUE,TRUE,4,59,51.23,1.4,5.55,25.5,1,1,2,NA,NA,NA,NA,NA,NA,NA,NA,NA,NA,NA,
10058,c.959T>C,p.(Leu320Ser),L320S,5,Male,NA,-3.354291648,0.279471748,Autism Spectrum Disorder|Cafe-au-Lait Spots|Dysmorphic Features|Global Developmental Delay|Macrocephaly,ASD/DD,TRUE,FALSE,4,58.5,51.23,1.4,5.192857143,28.8,2,2,2,NA,NA,NA,NA,NA,NA,NA,NA,NA,NA,NA,
10071,c.79T>A,p.(Tyr27Asn),Y27N,59,Female,22,-2.8005287,0.454941568,Benign Ovarian Neoplasm|Endometrial Endometrioid Adenocarcinoma|Goiter|Hashimoto Disease|Macrocephaly|Malignant Neoplasm of Kidney|Ovarian Endometrioid Adenocarcinoma|Uterine Fibroids,PHTS,FALSE,TRUE,59,60,54.55,1.33,4.097744361,25.9,2,1,2,NA,NA,NA,NA,NA,NA,NA,NA,NA,46,54,46
10077,c.389G>T,p.(Arg130Leu),R130L,40,Female,35,-3.098140476,1.193846593,Acral Keratoses|Adenomatous Polyps|Benign Neoplasm of Skin|Fibroadenoma of Breast|Follicular Thyroid Carcinoma|Gastrointestinal Polyp|Genitourinary Neoplasm|Goiter|Hemangioma of Skin|Juvenile Polyp|Lipoma|Macrocephaly|Oral Mucosa Papilloma|Polyp Hyperplastic Benign|Pulmonary Nodule|Skin Tag|Uterine Fibroids|Visceral hemangioma,PHTS,FALSE,TRUE,23,59,54.55,1.33,3.345864662,29.9,2,0,3,21,NA,NA,NA,NA,NA,NA,NA,NA,NA,NA,21
10350,c.892C>G,p.(Gln298Glu),Q298E,46,Female,10,0.305203537,0.772931323,Macrocephaly|Noninfiltrating Intraductal Carcinoma|Ovarian Cysts|Skin Tag,PHTS,FALSE,TRUE,46,60,54.55,1.33,4.097744361,18.34,0,0,0,NA,NA,NA,NA,NA,NA,NA,NA,NA,NA,NA,
10430,c.40A>G,p.(Arg14Gly),R14G,3,Female,NA,-0.710780245,1.04631547,Autism Spectrum Disorder|Macrocephaly|Variable Delay,ASD/DD,TRUE,FALSE,3,54,49.4,1.25,3.68,24.5,0,0,0,NA,NA,NA,NA,NA,NA,NA,NA,NA,NA,NA,
10431,c.40A>G,p.(Arg14Gly),R14G,34,Female,17,-0.710780245,1.04631547,Acral Keratoses|Benign Neoplasm of Skin|Hemangioma of Skin|Macrocephaly|Oral Mucosa Papilloma,PHTS,FALSE,TRUE,34,60,54.55,1.33,4.097744361,24.5,0,0,0,NA,NA,NA,NA,NA,NA,NA,NA,NA,NA,NA,
10581,c.35A>C,p.(Asn12Thr),N12T,4,Male,NA,-0.321149974,1.027729012,Dysmorphic Features|Global Developmental Delay|Macrocephaly,ASD/DD,TRUE,FALSE,4,54,51.23,1.4,1.978571429,22.9,0,0,0,NA,NA,NA,NA,NA,NA,NA,NA,NA,NA,NA,
10650,c.464A>G,p.(Tyr155Cys),Y155C,5,Male,NA,-2.26881194,0.532675402,Autism Spectrum Disorder|Dysmorphic Features|Global Developmental Delay|Macrocephaly,ASD/DD,TRUE,FALSE,4,61.5,51.23,1.4,7.335714286,27.8,2,1,2,NA,NA,NA,NA,NA,NA,NA,NA,NA,NA,NA,
10761,c.277C>T,p.(His93Tyr),H93Y,4,Male,NA,-2.460059762,0.871837142,Autism Spectrum Disorder|Benign Neoplasm of Skin|Cafe-au-Lait Spots|Global Developmental Delay|Lipoma|Macrocephaly|Tan Macules on Glans Penis and Penile Shaft,ASD/DD & PHTS,TRUE,TRUE,4,58.7,51.23,1.4,5.335714286,26.1,2,0,3,NA,NA,NA,NA,NA,NA,NA,NA,NA,NA,NA,
10841,c.974T>C,p.(Leu325Pro),L325P,66,Female,36,-3.137374249,0.210270328,Acral Keratoses|Adenomatous Polyps|Basal Cell Carcinoma|Benign Neoplasm of Skin|Breast Fibrocystic Disease|Ductal Breast Carcinoma|Goiter|Hemangioma of Skin|Inflammatory Polyp|Macrocephaly|Neoplasms in Vascular Tissue|Noninfiltrating Intraductal Carcinoma|Oral Mucosa Papilloma|Polyp Hyperplastic Benign|Skin Tag|Uterine Fibroids,PHTS,FALSE,TRUE,66,63.75,54.55,1.33,6.917293233,28.4,2,2,2,NA,52,65,NA,NA,NA,NA,NA,NA,NA,NA,52
10946,c.299T>C,p.(Leu100Pro),L100P,51,Male,33,-2.976724884,0.100788345,Benign Neoplasm of Kidney|Dermal Fibroma|Fundic Gland Polyp|Glycogenic Acanthosis|Macrocephaly|Malignant Neoplasm of Kidney|Oral Mucosa Papilloma|Skin Papilloma|Tan Macules on Glans Penis and Penile Shaft,PHTS,FALSE,TRUE,51,67,56.74,1.77,5.796610169,27.7,2,2,2,NA,NA,NA,NA,NA,NA,NA,NA,NA,NA,46,46
10984,c.323T>G,p.(Leu108Arg),L108R,54,Female,25,-4.133210747,0.13178599,Ductal Breast Carcinoma|Lhermitte-Duclos Disease|Macrocephaly|Noninfiltrating Intraductal Carcinoma|Skin Tag|Thyroid Nodule,PHTS,FALSE,TRUE,54,61.5,54.55,1.33,5.22556391,27.9,2,2,2,NA,54,54,NA,NA,NA,NA,NA,NA,NA,NA,54
10992,c.395G>A,p.(Gly132Asp),G132D,4,Male,NA,-3.361888951,0.444315703,"Autism Spectrum Disorder|Cafe-au-Lait Spots|Global Developmental Delay|""Leukodystrophy, Dysmyelinating""|Lipoma|Macrocephaly|Skin Papilloma|Skin Tag|Tan Macules on Glans Penis and Penile Shaft",ASD/DD & PHTS,TRUE,TRUE,4,58.5,51.23,1.4,5.192857143,27.6,2,1,2,NA,NA,NA,NA,NA,NA,NA,NA,NA,NA,NA,
11027,c.235G>A,p.(Ala79Thr),A79T,60,Female,16,0.216137223,0.998153851,Ductal Breast Carcinoma|Hashimoto Disease|Normal Head Size|Oral Mucosa Papilloma|Papillary Thyroid Carcinoma|Skin Tag|Uterine Fibroids,PHTS,FALSE,TRUE,60,53.5,54.55,1.33,-0.789473684,22.4,0,0,0,47,60,NA,NA,NA,NA,NA,NA,NA,NA,NA,47
11029,c.203A>G,p.(Tyr68Cys),Y68C,3,Female,NA,-2.732346495,0.069515623,Cafe-au-Lait Spots|Global Developmental Delay|Macrocephaly,ASD/DD,TRUE,FALSE,2,57,48.02,1.4,6.414285714,28.7,2,2,2,NA,NA,NA,NA,NA,NA,NA,NA,NA,NA,NA,
11102,c.815A>C,p.(His272Pro),H272P,47,Female,42,-3.655091225,0.320483949,"Arteriovenous Malformation|Barrett Esophagus|Benign Neoplasm of Skin|Breast Fibrocystic Disease|CNS Hemangioma|Colon Lipoma|Congenital Genitourinary Tract Anomalies Nec|Fibroadenoma of Breast|Glycogenic Acanthosis|Goiter|Hemangioma of Skin|Inflammatory Polyp|Intraductal Papilloma of Breast|""Leukodystrophy, Dysmyelinating""|Lhermitte-Duclos Disease|Lipoma|Macrocephaly|Malignant Neoplasm of Skin|Ovarian Cysts|Polyp Hyperplastic Benign|Visceral hemangioma",PHTS,FALSE,TRUE,44,63,54.55,1.33,6.353383459,26.6,2,1,2,NA,NA,NA,NA,NA,NA,NA,NA,NA,NA,NA,NA
11175,c.406T>C,p.(Cys136Arg),C136R,46,Female,18,-4.785818379,0.167416316,Atypical Ductal Breast Hyperplasia|Breast Fibrocystic Disease|Ductal Breast Hyperplasia|Goiter|Intraductal Papilloma of Breast|Lobular Carcinoma In Situ of Breast|Macrocephaly|Noninfiltrating Intraductal Carcinoma|Oral Mucosa Papilloma|Ovarian Cysts|Skin Tag|Variable Delay,ASD/DD & PHTS,TRUE,TRUE,45,57.5,54.55,1.33,2.218045113,27.8,2,2,2,NA,NA,NA,NA,NA,NA,NA,NA,NA,NA,NA,NA
11196,c.517C>T,p.(Arg173Cys),R173C,4,Male,NA,-1.261173013,0.551583826,Autism Spectrum Disorder|Dysmorphic Features|Global Developmental Delay|Macrocephaly|Tan Macules on Glans Penis and Penile Shaft,ASD/DD,TRUE,FALSE,2,56.5,49.2,1.36,5.367647059,33,1,1,2,NA,NA,NA,NA,NA,NA,NA,NA,NA,NA,NA,
11197,c.517C>T,p.(Arg173Cys),R173C,2,Female,NA,-1.261173013,0.551583826,Autism Spectrum Disorder|Cafe-au-Lait Spots|Global Developmental Delay|Macrocephaly,ASD/DD,TRUE,FALSE,1,53.2,45.46,1.33,5.819548872,33,1,1,2,NA,NA,NA,NA,NA,NA,NA,NA,NA,NA,NA,
11392,c.103A>G,p.(Met35Val),M35V,5,Female,NA,-1.268664947,1.061208504,Autism Spectrum Disorder|Congenital Genitourinary Tract Anomalies Nec|Dysmorphic Features|Hemangioma of Skin|Macrocephaly|Skin Tag,ASD/DD & PHTS,TRUE,TRUE,3,55.2,49.4,1.25,4.64,24.7,1,0,3,NA,NA,NA,NA,NA,NA,NA,NA,NA,NA,NA,
11436,c.422A>G,p.(His141Arg),H141R,52,Female,17,-1.141177111,0.55942055,Endometrial Endometrioid Adenocarcinoma|Macrocephaly|Skin Tag|Uterine Fibroids,PHTS,FALSE,TRUE,,60.5,,,,25.5,1,1,2,NA,NA,NA,NA,NA,NA,NA,NA,NA,47,NA,47
11493,c.752G>T,p.(Gly251Val),G251V,53,Female,24,-2.230370552,0.494093104,Acral Keratoses|Ductal Breast Carcinoma|Endometrial Polyp|Goiter|Hashimoto Disease|Lhermitte-Duclos Disease|Macrocephaly|Megalencephaly|Ovarian Cysts|Skin Tag|Thyroid Nodule|Uterine Fibroids,PHTS,FALSE,TRUE,,62,,,,28,2,1,2,NA,47,NA,NA,NA,NA,NA,NA,NA,NA,NA,47
11637,c.463T>C,p.(Tyr155His),Y155H,20,Female,24,-2.411619138,0.445279068,"Benign Neoplasm of Skin|Breast Disease Benign|Breast Fibrocystic Disease|Congenital Genitourinary Tract Anomalies Nec|Ductal Breast Hyperplasia|Epilepsy|Fibroadenoma of Breast|Gastroesophageal Reflux Disease|Global Developmental Delay|Goiter|Hashimoto Disease|Hyperpigmentation|""Leukodystrophy, Dysmyelinating""|Macrocephaly|Mental Retardation|Oral Mucosa Papilloma|Ovarian Cysts|Phyllodes Tumor|Polyp Hyperplastic Benign|Skin Papilloma|Skin Tag|Thyroid Gland Follicular Adenoma|Trichilemmoma",ASD/DD & PHTS,TRUE,TRUE,18,57.5,54.55,1.33,2.218045113,27.3,2,1,2,NA,NA,NA,NA,NA,NA,NA,NA,NA,NA,NA,NA
12108,c.380G>A,p.(Gly127Glu),G127E,12,Male,NA,-2.689587253,0.728832451,Autism Spectrum Disorder|Dysmorphic Features|Global Developmental Delay|Hyperpigmentation|Lipoma|Macrocephaly|Megalencephaly|Mental Retardation|Neoplasms in Vascular Tissue|Oral Mucosa Papilloma|Skin Tag|Tan Macules on Glans Penis and Penile Shaft,ASD/DD & PHTS,TRUE,TRUE,12,60.8,54.11,1.45,4.613793103,27.6,2,0,3,NA,NA,NA,NA,NA,NA,NA,NA,NA,NA,NA,
12249,c.463T>A,p.(Tyr155Asn),Y155N,12,Male,NA,-2.937085175,0.276691552,Autism Spectrum Disorder|CNS Hemangioma|Epidermal Nevus|Epilepsy|Global Developmental Delay|Hyperpigmentation|Hypopigmentation|Macrocephaly|Neoplasms in Vascular Tissue|Oral Mucosa Papilloma|Pulmonary Nodule|Skin Tag|Tan Macules on Glans Penis and Penile Shaft,ASD/DD & PHTS,TRUE,TRUE,12,61.2,54.11,1.45,4.889655172,27.6,2,2,2,NA,NA,NA,NA,NA,NA,NA,NA,NA,NA,NA,
12250,c.463T>A,p.(Tyr155Asn),Y155N,39,Male,28,-2.937085175,0.276691552,Gastrointestinal Polyp|Hashimoto Disease|Macrocephaly|Malignant Neoplasm of Testis|Oral Mucosa Papilloma|Skin Tag|Tan Macules on Glans Penis and Penile Shaft|Thyroid Gland Follicular Adenoma,PHTS,FALSE,TRUE,39,62.4,56.74,1.77,3.197740113,27.6,2,2,2,NA,NA,NA,NA,NA,NA,NA,NA,NA,NA,NA,
12320,c.235G>A,p.(Ala79Thr),A79T,68,Female,1,0.216137223,0.998153851,Atypical Ductal Breast Hyperplasia|Benign Neurologic Neoplasms|Breast Fibrocystic Disease|Fibroadenoma of Breast|Noninfiltrating Intraductal Carcinoma|Normal Head Size|Ovarian Serous Surface Papillary Adenocarcinoma|Polyp Hyperplastic Benign|Skin Papilloma,PHTS,FALSE,TRUE,68,54.5,54.55,1.33,-0.037593985,22.4,0,0,0,NA,NA,NA,NA,NA,NA,NA,NA,NA,NA,NA,
12323,c.1061C>A,p.(Pro354Gln),P354Q,60,Female,10,0.091060946,1.196047953,Malignant Neoplasm of Thyroid|Normal Head Size|Ovarian Endometrioid Adenocarcinoma|Papillary Thyroid Carcinoma,PHTS,FALSE,TRUE,,53,,,,23.2,0,0,0,23,NA,NA,NA,NA,NA,NA,NA,NA,NA,NA,23
12336,c.127G>A,p.(Glu43Lys),E43K,41,Female,10,-1.02235878,0.944764952,Macrocephaly|Skin Tag,NA,FALSE,FALSE,41,61.6,54.55,1.33,5.30075188,28.5,0,0,0,NA,NA,NA,NA,NA,NA,NA,NA,NA,NA,NA,
12351,c.385G>A,p.(Gly129Arg),G129R,5,Male,NA,-3.489785176,0.488615062,"Epilepsy|Global Developmental Delay|Goiter|""Leukodystrophy, Dysmyelinating""|Macrocephaly",ASD/DD & PHTS,TRUE,TRUE,5,59.6,51.78,1.46,5.356164384,29.3,2,1,2,NA,NA,NA,NA,NA,NA,NA,NA,NA,NA,NA,
12542,c.385G>A,p.(Gly129Arg),G129R,12,Male,NA,-3.489785176,0.488615062,Cafe-au-Lait Spots|Congenital Genitourinary Tract Anomalies Nec|Dysmorphic Features|Generalized Overgrowth|Hamartomatous Polyp|Hemangioma of Skin|Hyperpigmentation|Lipoma|Macrocephaly|Tan Macules on Glans Penis and Penile Shaft|Thyroid Nodule|Variable Delay,ASD/DD & PHTS,TRUE,TRUE,11,62.5,53.93,1.54,5.564935065,29.3,2,1,2,NA,NA,NA,NA,NA,NA,NA,NA,NA,NA,NA,
12571,c.70G>A,p.(Asp24Asn),D24N,66,Female,8,-1.549791026,0.849291646,Colon Lipoma|Endometrial Endometrioid Adenocarcinoma|Lobular Breast Carcinoma Invasive|Lobular Carcinoma In Situ of Breast|Macrocephaly,PHTS,FALSE,TRUE,66,59,54.55,1.33,3.345864662,25.6,1,0,3,NA,65,65,NA,NA,NA,NA,NA,NA,60,NA,60
12583,c.517C>T,p.(Arg173Cys),R173C,19,Male,14,-1.261173013,0.551583826,Acral Keratoses|Benign Neoplasm of Skin|Global Developmental Delay|Macrocephaly|Mental Retardation|Tan Macules on Glans Penis and Penile Shaft,ASD/DD & PHTS,TRUE,TRUE,19,62.2,56.74,1.77,3.084745763,33,1,1,2,NA,NA,NA,NA,NA,NA,NA,NA,NA,NA,NA,
12720,c.103A>G,p.(Met35Val),M35V,28,Female,14,-1.268664947,1.061208504,"CNS Hemangioma|Goiter|Hashimoto Disease|""Leukodystrophy, Dysmyelinating""|Macrocephaly|Sinus Polyp",PHTS,FALSE,TRUE,28,60.2,54.55,1.33,4.248120301,24.7,1,0,3,NA,NA,NA,NA,NA,NA,NA,NA,NA,NA,NA,
12721,c.494G>T,p.(Gly165Val),G165V,4,Male,NA,-2.85626731,0.522407706,Autism Spectrum Disorder|Global Developmental Delay|Macrocephaly,ASD/DD,TRUE,FALSE,3,56.5,50.52,1.37,4.364963504,34,2,1,2,NA,NA,NA,NA,NA,NA,NA,NA,NA,NA,NA,
12722,c.494G>T,p.(Gly165Val),G165V,4,Male,NA,-2.85626731,0.522407706,Global Developmental Delay|Macrocephaly,ASD/DD,TRUE,FALSE,4,56,51.23,1.4,3.407142857,34,2,1,2,NA,NA,NA,NA,NA,NA,NA,NA,NA,NA,NA,
12795,c.517C>T,p.(Arg173Cys),R173C,40,Male,16,-1.261173013,0.551583826,Macrocephaly|Skin Tag|Tan Macules on Glans Penis and Penile Shaft,PHTS,FALSE,TRUE,,66,,,,33,1,1,2,NA,NA,NA,NA,NA,NA,NA,NA,NA,NA,NA,
12812,c.283C>A,p.(Pro95Thr),P95T,1,Male,NA,-0.450059929,0.2279755,Cafe-au-Lait Spots|Dysmorphic Features|Global Developmental Delay|Macrocephaly,ASD/DD,TRUE,FALSE,1,53.6,46.87,1.32,5.098484848,25.8,0,2,1,NA,NA,NA,NA,NA,NA,NA,NA,NA,NA,NA,
12824,c.599T>C,p.(Phe200Ser),F200S,2,Male,NA,-1.499202012,0.511648419,Epilepsy|Global Developmental Delay|Macrocephaly|Tan Macules on Glans Penis and Penile Shaft,ASD/DD,TRUE,FALSE,2,56.4,49.2,1.36,5.294117647,26.9,1,1,2,NA,NA,NA,NA,NA,NA,NA,NA,NA,NA,NA,
12828,c.599T>C,p.(Phe200Ser),F200S,36,Male,13,-1.499202012,0.511648419,Benign Neoplasm of Skin|Hemangioma of Skin|Lipoma|Macrocephaly|Oral Mucosa Papilloma|Skin Tag,PHTS,FALSE,TRUE,36,59.6,56.74,1.77,1.615819209,26.9,1,1,2,NA,NA,NA,NA,NA,NA,NA,NA,NA,NA,NA,
14860,c.328C>G,p.(Gln110Glu),Q110E,52,Female,7,-0.344207814,1.101814192,Breast Carcinoma Invasive|Dermal Fibroma|Malignant Neoplasm of Ovary|Noninfiltrating Intraductal Carcinoma|Normal Head Size|Thyroid Nodule|Uterine Fibroids,PHTS,FALSE,TRUE,,56.8,,,,17.72,0,0,0,NA,46,NA,NA,NA,NA,NA,NA,NA,NA,NA,46
14984,c.293T>G,p.(Leu98Arg),L98R,53,Female,32,-2.094562955,0.210472804,Adenomatous Polyps|Colon Lipoma|Fibroma|Hamartomatous Polyp|Intraductal Papilloma of Breast|Macrocephaly|Malignant Neoplasm of Kidney|Malignant Neoplasm of Thyroid|Oral Mucosa Papilloma|Thyroid Nodule,PHTS,FALSE,TRUE,52,63.5,54.55,1.33,6.729323308,27.8,1,2,2,NA,NA,NA,48,NA,NA,NA,NA,NA,NA,50,48
15160,c.287C>A,p.(Pro96Gln),P96Q,5,Male,NA,-1.783578257,0.390081856,Autism Spectrum Disorder|Cafe-au-Lait Spots|Global Developmental Delay|Macrocephaly|Oral Mucosa Papilloma,ASD/DD & PHTS,TRUE,TRUE,4,58,51.23,1.4,4.835714286,26.8,1,1,2,NA,NA,NA,NA,NA,NA,NA,NA,NA,NA,NA,
15444,c.716T>G,p.(Met239Arg),M239R,3,Female,NA,-1.05115683,0.289900502,Arteriovenous Malformation|Benign Neoplasm of Skin|Cafe-au-Lait Spots|CNS Hemangioma|Global Developmental Delay|Intracranial Arteriovenous Malformation|Macrocephaly|Malignant Neoplasm of Brain|Megalencephaly|Neoplasms in Vascular Tissue,ASD/DD & PHTS,TRUE,TRUE,4,54.7,50.11,1.27,3.614173228,24.5,0,2,1,NA,NA,NA,NA,NA,NA,NA,NA,NA,NA,NA,NA
16087,c.277C>G,p.(His93Asp),H93D,10,Male,NA,-2.589693239,0.83842884,Autism Spectrum Disorder|Macrocephaly|Tan Macules on Glans Penis and Penile Shaft,ASD/DD,TRUE,FALSE,10,64,53.57,1.5,6.953333333,26.6,2,0,3,NA,NA,NA,NA,NA,NA,NA,NA,NA,NA,NA,
16243,c.146A>G,p.(Asn49Ser),N49S,63,Female,8,0.051343224,0.953106835,Ductal Breast Carcinoma|Endometrial Polyp|Macrocephaly|Noninfiltrating Intraductal Carcinoma,PHTS,FALSE,TRUE,63,57.8,54.55,1.33,2.443609023,22.6,0,0,0,NA,49,NA,NA,NA,NA,NA,NA,NA,NA,NA,49
16577,c.277C>G,p.(His93Asp),H93D,3,Female,NA,-2.589693239,0.83842884,Cafe-au-Lait Spots|Macrocephaly,NA,FALSE,FALSE,3,56,49.4,1.25,5.28,26.6,2,0,3,NA,NA,NA,NA,NA,NA,NA,NA,NA,NA,NA,
16578,c.277C>G,p.(His93Asp),H93D,31,Female,15,-2.589693239,0.83842884,Acral Keratoses|Benign Neoplasm of Skin|Hashimoto Disease|Megalencephaly|Skin Papilloma,PHTS,FALSE,TRUE,31,60,54.55,1.33,4.097744361,26.6,2,0,3,NA,NA,NA,NA,NA,NA,NA,NA,NA,NA,NA,
16589,c.386_387delinsTT,p.(Gly129Val),G129V,15,Female,NA,-3.293484227,0.541607665,Acral Keratoses|Autism Spectrum Disorder|Follicular Thyroid Carcinoma|Gastrointestinal Polyp|Hashimoto Disease|Macrocephaly|Papillary Thyroid Carcinoma|Thyroid Carcinoma|Variable Delay,ASD/DD & PHTS,TRUE,TRUE,15,59,54.31,1.44,3.256944444,27.5,2,1,2,14,NA,NA,NA,NA,NA,NA,NA,NA,NA,NA,14
16783,c.46T>G,p.(Tyr16Asp),Y16D,63,Male,15,-2.205118144,1.166912126,Adenomatous Polyps|Benign Neurologic Neoplasms|Breast Carcinoma Invasive|Colon Lipoma|Gastrointestinal Polyp|Hyperpigmentation|Inflammatory Polyp|Macrocephaly|Malignant Neoplasm of Kidney|Polyp Hyperplastic Benign|Skin Tag,PHTS,FALSE,TRUE,61,66,56.74,1.77,5.231638418,24.9,2,0,3,NA,16,NA,NA,NA,NA,NA,NA,NA,NA,39,16
16892,c.841C>G,p.(Pro281Ala),P281A,47,Female,1,0.042563508,1.370796331,Breast Fibrocystic Disease|Normal Head Size|Thyroid Nodule|Uterine Fibroids,PHTS,FALSE,TRUE,,53.25,,,,23.5,0,0,0,NA,NA,NA,NA,NA,NA,NA,NA,NA,NA,NA,