Variant ID,rsID,Consequence,Annotation,LOFTEE,Quality,CADD,Het,HomAlt,Frequency (%)
10-87864490-G-T,,p.Glu7Asp;n.23G>T;n.42G>T,missense_variant;non_coding_transcript_exon_variant;upstream_gene_variant,,PASS,23.10000038,1,0,3.78E-06
10-87864514-A-C,rs1064794096,p.Arg15Ser;n.66A>C;n.14A>C;n.47A>C,missense_variant;non_coding_transcript_exon_variant,,PASS,24.5,1,0,3.78E-06
10-87864518-CAA-C,rs587781912,p.Gln17ArgfsTer26;n.19_20del;n.71_72del;n.52_53del,frameshift_variant;non_coding_transcript_exon_variant,HC,PASS,32,1,0,3.78E-06
10-87864527-G-A,,p.Gly20Arg;n.79G>A;n.60G>A;n.27G>A,missense_variant;non_coding_transcript_exon_variant,,PASS,33,1,0,3.78E-06
10-87894048-A-G,rs876659443,p.Met35Val;n.105A>G,missense_variant;non_coding_transcript_exon_variant,,PASS,25.79999924,1,0,3.78E-06
10-87894067-G-A,,p.Arg41Lys;n.124G>A,missense_variant;non_coding_transcript_exon_variant,,PASS,21.10000038,1,0,3.78E-06
10-87894088-A-G,,p.Asn48Ser;n.145A>G,missense_variant;non_coding_transcript_exon_variant,,PASS,24.60000038,1,0,3.78E-06
10-87894091-A-G,rs992385562,p.Asn49Ser;n.148A>G,missense_variant;non_coding_transcript_exon_variant,,PASS,23.39999962,1,0,3.78E-06
10-87894102-G-A,rs980089360,p.Val53Ile;n.159G>A,missense_variant;non_coding_transcript_exon_variant,,PASS,25.39999962,2,0,7.56E-06
10-87894102-G-T,rs980089360,p.Val53Leu;n.159G>T,missense_variant;non_coding_transcript_exon_variant,,PASS,28.5,1,0,3.78E-06
10-87925530-A-G,rs398123316,p.His61Arg;n.8A>G,missense_variant;non_coding_transcript_exon_variant,,PASS,27.5,1,0,3.78E-06
10-87925534-A-C,,p.Lys62Asn;n.12A>C,missense_variant;non_coding_transcript_exon_variant,,PASS,28.70000076,1,0,3.78E-06
10-87931071-G-A,rs202004587,p.Ala79Thr;n.61G>A,missense_variant;non_coding_transcript_exon_variant,,PASS,22.70000076,22,0,8.31E-05
10-87931071-G-T,rs202004587,p.Ala79Ser;n.61G>T,missense_variant;non_coding_transcript_exon_variant,,PASS,20.89999962,1,0,3.78E-06
10-87933061-T-C,rs1339631701,p.Ile101Thr;n.128T>C,missense_variant;non_coding_transcript_exon_variant,,PASS,27.70000076,1,0,3.78E-06
10-87933072-T-G,rs1303165645,p.Cys105Gly;n.139T>G,missense_variant;non_coding_transcript_exon_variant,,PASS,28.79999924,1,0,3.78E-06
10-87933087-C-G,rs1114167629,p.Gln110Glu;n.154C>G,missense_variant;non_coding_transcript_exon_variant,,PASS,19.54000092,1,0,3.78E-06
10-87933114-G-C,rs139767111,p.Val119Leu;n.181G>C,missense_variant;non_coding_transcript_exon_variant,,PASS,27.89999962,1,0,3.78E-06
10-87933174-T-A,rs1363895668,p.Leu139Ile;n.241T>A,missense_variant;non_coding_transcript_exon_variant,,PASS,26.10000038,2,0,7.56E-06
10-87933181-A-G,rs863224666,p.His141Arg;n.248A>G,missense_variant;non_coding_transcript_exon_variant,,PASS,26.60000038,1,0,3.78E-06
10-87933187-G-T,,p.Gly143Val;n.254G>T,missense_variant;non_coding_transcript_exon_variant,,PASS,25.5,1,0,3.78E-06
10-87933223-A-G,rs1060500126,p.Tyr155Cys;n.290A>G,missense_variant;non_coding_transcript_exon_variant,,PASS,29.79999924,1,0,3.78E-06
10-87933231-G-T,,p.Val158Leu;n.298G>T,missense_variant;non_coding_transcript_exon_variant,,PASS,24.60000038,1,0,3.78E-06
10-87952141-G-T,,p.Arg172Ser,missense_variant;upstream_gene_variant,,PASS,23.10000038,1,0,3.78E-06
10-87952146-A-G,rs864622341,p.Tyr174Cys,missense_variant;upstream_gene_variant,,PASS,31,1,0,3.78E-06
10-87952152-A-G,rs757498880,p.Tyr176Cys,missense_variant;upstream_gene_variant,,PASS,23.39999962,4,0,1.51E-05
10-87952181-C-G,,p.Leu186Val,missense_variant;upstream_gene_variant,,PASS,21.60000038,1,0,3.78E-06
10-87952193-C-T,,p.Pro190Ser,missense_variant;upstream_gene_variant,,PASS,24.20000076,1,0,3.78E-06
10-87952196-G-T,rs1060500130,p.Val191Leu,missense_variant;upstream_gene_variant,,PASS,23.70000076,2,0,7.56E-06
10-87952221-T-C,rs587781538,p.Met199Thr;p.Met8Thr,missense_variant,,PASS,21.5,1,0,3.78E-06
10-87952232-A-G,,p.Ile203Val;p.Ile12Val,missense_variant,,PASS,19.04999924,1,0,3.78E-06
10-87952238-A-G,rs776763121,p.Met14Val;p.Met205Val,missense_variant,,PASS,22.20000076,4,0,1.51E-05
10-87952239-T-C,rs1185592373,p.Met14Thr;p.Met205Thr,missense_variant,,PASS,22.60000038,2,0,7.56E-06
10-87957868-T-G,rs1060500117,p.Val217Gly;p.Val26Gly,missense_variant,,PASS,32,1,0,3.78E-06
10-87957877-T-C,rs141373793,p.Leu220Pro;p.Leu29Pro,missense_variant,,PASS,26.20000076,1,0,3.78E-06
10-87957898-C-T,rs905615413,p.Ser227Phe;p.Ser36Phe,missense_variant,,PASS,26.5,1,0,3.78E-06
10-87957918-C-T,rs786201730,p.Arg43Trp;p.Arg234Trp,missense_variant,,PASS,26,1,0,3.78E-06
10-87960930-A-G,rs1474354667,p.Ile89Val;p.Ile280Val,missense_variant,,PASS,22,1,0,3.78E-06
10-87960933-C-G,rs750705904,p.Pro90Ala;p.Pro281Ala,missense_variant,,PASS,23.5,1,0,3.78E-06
10-87960974-T-G,rs143335584,p.Ser103Arg;p.Ser294Arg,missense_variant,,PASS,24,73,0,0.000275794
10-87960979-G-A,rs1060500121,p.Cys296Tyr;p.Cys105Tyr,missense_variant,,PASS,20.89999962,2,0,7.56E-06
10-87960981-G-T,rs370064195,p.Asp106Tyr;p.Asp297Tyr,missense_variant,,PASS,24.79999924,1,0,3.78E-06
10-87960984-C-G,rs371387815,p.Gln298Glu;p.Gln107Glu,missense_variant,,PASS,17.65999985,22,0,8.31E-05
10-87960993-G-A,rs758644748,p.Asp301Asn;p.Asp110Asn,missense_variant,,PASS,23,1,0,3.78E-06
10-87960998-C-G,rs876660906,p.Ser302Arg;p.Ser111Arg,missense_variant,,PASS,19.20999908,2,0,7.56E-06
10-87961006-G-A,rs587780007,p.Ser114Asn;p.Ser305Asn,missense_variant,,PASS,22.79999924,2,0,7.56E-06
10-87961012-A-G,rs1197734477,p.Glu307Gly;p.Glu116Gly,missense_variant,,PASS,23.29999924,1,0,3.78E-06
10-87961014-C-T,rs1064794436,p.Arg308Cys;p.Arg117Cys,missense_variant,,PASS,23.29999924,1,0,3.78E-06
10-87961029-A-C,,p.Lys313Gln;p.Lys122Gln,missense_variant,,PASS,23.10000038,2,0,7.56E-06
10-87961083-G-A,,p.Asp331Asn;p.Asp140Asn,missense_variant,,PASS,32,1,0,3.78E-06
10-87961093-A-G,rs1206321984,p.Asn143Ser;p.Asn334Ser,missense_variant,,PASS,26.5,2,0,7.56E-06
10-87961096-G-A,rs1085308040,p.Arg335Gln;p.Arg144Gln,missense_variant,,PASS,25.29999924,1,0,3.78E-06
10-87961120-T-C,rs1114167624,p.Val152Ala,splice_donor_variant;missense_variant,HC,PASS,33,1,0,3.78E-06
10-87961124-T-A,rs1274425509,p.Ser153Arg;c.1026+6T>A,missense_variant;splice_region_variant;intron_variant,,PASS,22.5,1,0,3.78E-06
10-87965321-C-A,rs375709098,p.Pro354Gln,missense_variant;downstream_gene_variant,,PASS,22.70000076,11,0,4.16E-05
10-87965324-CA-C,rs935829374,p.Asn356IlefsTer10,frameshift_variant;downstream_gene_variant,HC,PASS,31,1,0,3.78E-06
10-87965338-A-G,rs587781273,p.Ser360Gly,missense_variant;downstream_gene_variant,,PASS,26.79999924,2,0,7.56E-06
10-87965353-G-A,rs758542021,p.Val365Ile,missense_variant;downstream_gene_variant,,PASS,23,2,0,7.56E-06
10-87965366-T-A,rs945979997,p.Val369Asp,missense_variant;downstream_gene_variant,,PASS,24.70000076,1,0,3.78E-06
10-87965375-A-G,rs1370349057,p.Asn372Ser,missense_variant;downstream_gene_variant,,PASS,22.89999962,1,0,3.78E-06
10-87965431-C-T,rs786203911,p.Pro391Ser,missense_variant;downstream_gene_variant,,PASS,22.29999924,1,0,3.78E-06
10-87965466-A-C,rs1064796017,p.Lys402Asn,missense_variant;downstream_gene_variant,,PASS,23.70000076,1,0,3.78E-06